question_id,description
1,"请计算两个整数的和并输出结果。注意不要有不必要的输出，比如""请输入 a 和 b 的值: ""。"
2,给定一个n*n的棋盘，棋盘中有一些位置不能放皇后。现在要向棋盘中放入n个黑皇后和n个白皇后，使任意的两个黑皇后都不在同一行、同一列或同一条对角线上，任意的两个白皇后都不在同一行、同一列或同一条对角线上。问总共有多少种放法？n小于等于8。
6,100 可以表示为带分数的形式：100 = 3 + 69258 / 714。还可以表示为：100 = 82 + 3546 / 197。注意特征：带分数中，数字1~9分别出现且只出现一次（不包含0）。类似这样的带分数，100 有 11 种表示法。
7,FJ在沙盘上写了这样一些字符串：　　A1 = “A”　　A2 = “ABA”　　A3 = “ABACABA”　　A4 = “ABACABADABACABA”　　… …　　你能找出其中的规律并写所有的数列AN吗？
8,"Huffman树在编码中有着广泛的应用。在这里，我们只关心Huffman树的构造过程。给出一列数{pi}={p0, p1, …, pn-1}，用这列数构造Huffman树的过程如下：1. 找到{pi}中最小的两个数，设为pa和pb，将pa和pb从{pi}中删除掉，然后将它们的和加入到{pi}中。这个过程的费用记为pa + pb。2. 重复步骤1，直到{pi}中只剩下一个数。在上面的操作过程中，把所有的费用相加，就得到了构造Huffman树的总费用。本题任务：对于给定的一个数列，现在请你求出用该数列构造Huffman树的总费用。例如，对于数列{pi}={5, 3, 8, 2, 9}，Huffman树的构造过程如下：1. 找到{5, 3, 8, 2, 9}中最小的两个数，分别是2和3，从{pi}中删除它们并将和5加入，得到{5, 8, 9, 5}，费用为5。2. 找到{5, 8, 9, 5}中最小的两个数，分别是5和5，从{pi}中删除它们并将和10加入，得到{8, 9, 10}，费用为10。3. 找到{8, 9, 10}中最小的两个数，分别是8和9，从{pi}中删除它们并将和17加入，得到{10, 17}，费用为17。4. 找到{10, 17}中最小的两个数，分别是10和17，从{pi}中删除它们并将和27加入，得到{27}，费用为27。5. 现在，数列中只剩下一个数27，构造过程结束，总费用为5+10+17+27=59。"
9,最近FJ为他的奶牛们开设了数学分析课，FJ知道若要学好这门课，必须有一个好的三角函数基本功。所以他准备和奶牛们做一个“Sine之舞”的游戏，寓教于乐，提高奶牛们的计算能力。不妨设An=sin(1–sin(2+sin(3–sin(4+...sin(n))...)Sn=(...(A1+n)A2+n-1)A3+...+2)An+1FJ想让奶牛们计算Sn的值，请你帮助FJ打印出Sn的完整表达式，以方便奶牛们做题。
10,"给定当前的时间，请用英文的读法将它读出来。时间用时h和分m表示，在英文的读法中，读一个时间的方法是：如果m为0，则将时读出来，然后加上“o'clock”，如3:00读作“three o'clock”。如果m不为0，则将时读出来，然后将分读出来，如5:30读作“five thirty”。时和分的读法使用的是英文数字的读法，其中0~20读作：0:zero, 1: one, 2:two, 3:three, 4:four, 5:five, 6:six, 7:seven, 8:eight, 9:nine, 10:ten, 11:eleven, 12:twelve, 13:thirteen, 14:fourteen, 15:fifteen, 16:sixteen, 17:seventeen, 18:eighteen, 19:nineteen, 20:twenty。30读作thirty，40读作forty，50读作fifty。对于大于20小于60的数字，首先读整十的数，然后再加上个位数。如31首先读30再加1的读法，读作“thirty one”。按上面的规则21:54读作“twenty one fifty four”，9:07读作“nine seven”，0:15读作“zero fifteen”。"
11,"求出区间[a,b]中所有整数的质因数分解。"
12,输入两个整数a和b，输出这两个整数的和。a和b都不超过100位。算法描述由于a和b都比较大，所以不能直接使用语言中的标准数据类型来存储。对于这种问题，一般使用数组来处理。定义一个数组A，A[0]用于存储a的个位，A[1]用于存储a的十位，依此类推。同样可以用一个数组B来存储b。计算c = a + b的时候，首先将A[0]与B[0]相加，如果有进位产生，则把进位（即和的十位数）存入r，把和的个位数存入C[0]，即C[0]等于(A[0]+B[0])%10。然后计算A[1]与B[1]相加，这时还应将低位进上来的值r也加起来，即C[1]应该是A[1]、B[1]和r三个数的和．如果又有进位产生，则仍可将新的进位存入到r中，和的个位存到C[1]中。依此类推，即可求出C的所有位。最后将C输出即可。
13,话说这个世界上有各种各样的兔子和乌龟，但是 研究发现，所有的兔子和乌龟都有一个共同的特点——喜欢赛跑。于是世界上各个角落都不断在发生着乌龟和兔子的比赛，小华对此很感兴趣，于是决定研究不同兔 子和乌龟的赛跑。他发现，兔子虽然跑比乌龟快，但它们有众所周知的毛病——骄傲且懒惰，于是在与乌龟的比赛中，一旦任一秒结束后兔子发现自己领先t米或以 上，它们就会停下来休息s秒。对于不同的兔子，t，s的数值是不同的，但是所有的乌龟却是一致——它们不到终点决不停止。然而有些比赛相当漫长，全程观看会耗费大量时间，而小华发现只要在每场比赛开始后记录下兔子和乌龟的数据——兔子的速度v1（表示每秒兔子能跑v1 米），乌龟的速度v2，以及兔子对应的t，s值，以及赛道的长度l——就能预测出比赛的结果。但是小华很懒，不想通过手工计算推测出比赛的结果，于是他找 到了你——华东师范大学某系的高材生——请求帮助，请你写一个程序，对于输入的一场比赛的数据v1，v2，t，s，l，预测该场比赛的结果。
14,二叉树可以用于排序。其原理很简单：对于一个排序二叉树添加新节点时，先与根节点比较，若小则交给左子树继续处理，否则交给右子树。当遇到空子树时，则把该节点放入那个位置。比如，10 8 5 7 12 4 的输入顺序，应该建成二叉树如下图所示，其中.表示空白。...|-1210-|...|-8-|.......|...|-7.......|-5-|...........|-4本题目要求：根据已知的数字，建立排序二叉树，并在标准输出中横向打印该二叉树。
15,回形取数就是沿矩阵的边取数，若当前方向上无数可取或已经取过，则左转90度。一开始位于矩阵左上角，方向向下。
16,观察数字：12321，123321 都有一个共同的特征，无论从左到右读还是从右向左读，都是相同的。这样的数字叫做：回文数字。本题要求你找到一些5位或6位的十进制数字。满足如下要求：该数字的各个数位之和等于输入的整数。
17,输入一个正整数n，输出n!的值。其中n!=123…n。算法描述n!可能很大，而计算机能表示的整数范围有限，需要使用高精度计算的方法。使用一个数组A来表示一个大整数a，A[0]表示a的个位，A[1]表示a的十位，依次类推。将a乘以一个整数k变为将数组A的每一个元素都乘以k，请注意处理相应的进位。首先将a设为1，然后乘2，乘3，当乘到n时，即得到了n!的值。
18,平面上有两个矩形，它们的边平行于直角坐标系的X轴或Y轴。对于每个矩形，我们给出它的一对相对顶点的坐标，请你编程算出两个矩形的交的面积。
19,如下图所示，3 x 3 的格子中填写了一些整数。我们沿着图中的星号线剪开，得到两个部分，每个部分的数字和都是60。本题的要求就是请你编程判定：对给定的m x n 的格子中的整数，是否可以分割为两个部分，使得这两个区域的数字和相等。如果存在多种解答，请输出包含左上角格子的那个区域包含的格子的最小数目。如果无法分割，则输出 0。
20,给定一个N阶矩阵A，输出A的M次幂（M是非负整数）例如：A =1 23 4A的2次幂7 1015 22
21,给定一个以秒为单位的时间t，要求用 “::”的格式来表示这个时间。表示时间，表示分钟， 而表示秒，它们都是整数且没有前导的“0”。例如，若t=0，则应输出是“0:0:0”；若t=3661，则输出“1:1:1”。
22,小明先把硬币摆成了一个 n 行 m 列的矩阵。随后，小明对每一个硬币分别进行一次 Q 操作。对第x行第y列的硬币进行 Q 操作的定义：将所有第 ix 行，第 jy 列的硬币进行翻转。其中i和j为任意使操作可行的正整数，行号和列号都是从1开始。当小明对所有硬币都进行了一次 Q 操作后，他发现了一个奇迹——所有硬币均为正面朝上。小明想知道最开始有多少枚硬币是反面朝上的。于是，他向他的好朋友小M寻求帮助。聪明的小M告诉小明，只需要对所有硬币再进行一次Q操作，即可恢复到最开始的状态。然而小明很懒，不愿意照做。于是小明希望你给出他更好的方法。帮他计算出答案。
23,Tom教授正在给研究生讲授一门关于基因的课程，有一件事情让他颇为头疼：一条染色体上有成千上万个碱基对，它们从0开始编号，到几百万，几千万，甚至上亿。比如说，在对学生讲解第1234567009号位置上的碱基时，光看着数字是很难准确的念出来的。所以，他迫切地需要一个系统，然后当他输入12 3456 7009时，会给出相应的念法：十二亿三千四百五十六万七千零九用汉语拼音表示为shi er yi san qian si bai wu shi liu wan qi qian ling jiu这样他只需要照着念就可以了。你的任务是帮他设计这样一个系统：给定一个阿拉伯数字串，你帮他按照中文读写的规范转为汉语拼音字串，相邻的两个音节用一个空格符格开。注意必须严格按照规范，比如说“10010”读作“yi wan ling yi shi”而不是“yi wan ling shi”，“100000”读作“shi wan”而不是“yi shi wan”，“2000”读作“er qian”而不是“liang qian”。
24,观察这个数列：1 3 0 2 -1 1 -2 ...这个数列中后一项总是比前一项增加2或者减少3。栋栋对这种数列很好奇，他想知道长度为 n 和为 s 而且后一项总是比前一项增加a或者减少b的整数数列可能有多少种呢？
25,回文串，是一种特殊的字符串，它从左往右读和从右往左读是一样的。小龙龙认为回文串才是完美的。现在给你一个串，它不一定是回文的，请你计算最少的交换次数使得该串变成一个完美的回文串。交换的定义是：交换两个相邻的字符例如mamad第一次交换 ad : mamda第二次交换 md : madma第三次交换 ma : madam (回文！完美！)
26,有n（2≤n≤20）块芯片，有好有坏，已知好芯片比坏芯片多。每个芯片都能用来测试其他芯片。用好芯片测试其他芯片时，能正确给出被测试芯片是好还是坏。而用坏芯片测试其他芯片时，会随机给出好或是坏的测试结果（即此结果与被测试芯片实际的好坏无关）。给出所有芯片的测试结果，问哪些芯片是好芯片。
27,给定两个仅由大写字母或小写字母组成的字符串(长度介于1到10之间)，它们之间的关系是以下4中情况之一：1：两个字符串长度不等。比如 Beijing 和 Hebei2：两个字符串不仅长度相等，而且相应位置上的字符完全一致(区分大小写)，比如 Beijing 和 Beijing3：两个字符串长度相等，相应位置上的字符仅在不区分大小写的前提下才能达到完全一致（也就是说，它并不满足情况2）。比如 beijing 和 BEIjing4：两个字符串长度相等，但是即使是不区分大小写也不能使这两个字符串一致。比如 Beijing 和 Nanjing编程判断输入的两个字符串之间的关系属于这四类中的哪一类，给出所属的类的编号。
28,兰顿蚂蚁，是于1986年，由克里斯·兰顿提出来的，属于细胞自动机的一种。平面上的正方形格子被填上黑色或白色。在其中一格正方形内有一只“蚂蚁”。蚂蚁的头部朝向为：上下左右其中一方。蚂蚁的移动规则十分简单：若蚂蚁在黑格，右转90度，将该格改为白格，并向前移一格；若蚂蚁在白格，左转90度，将该格改为黑格，并向前移一格。规则虽然简单，蚂蚁的行为却十分复杂。刚刚开始时留下的路线都会有接近对称，像是会重复，但不论起始状态如何，蚂蚁经过漫长的混乱活动后，会开辟出一条规则的“高速公路”。蚂蚁的路线是很难事先预测的。  　　你的任务是根据初始状态，用计算机模拟兰顿蚂蚁在第n步行走后所处的位置。
29,"栋栋每天骑自行车回家需要经过一条狭长的林荫道。道路由于年久失修，变得非常不平整。虽然栋栋每次都很颠簸，但他仍把骑车经过林荫道当成一种乐趣。由于颠簸，栋栋骑车回家的路径是一条上下起伏的曲线，栋栋想知道，他回家的这条曲线的长度究竟是多长呢？更准确的，栋栋想知道从林荫道的起点到林荫道的终点，他的车前轮的轴（圆心）经过的路径的长度。栋栋对路面进行了测量。他把道路简化成一条条长短不等的直线段，这些直线段首尾相连，且位于同一平面内。并在该平面内建立了一个直角坐标系，把所有线段的端点坐标都计算好。假设栋栋的自行车在行进的过程中前轮一直是贴着路面前进的。上图给出了一个简单的路面的例子，其中蓝色实线为路面，红色虚线为车轮轴经过的路径。在这个例子中，栋栋的前轮轴从A点出发，水平走到B点，然后绕着 地面的F点到C点（绕出一个圆弧），再沿直线下坡到D点，最后水平走到E点，在这个图中地面的坐标依次为：(0, 0), (2, 0), (4, -1),(6, -1)，前轮半径为1.50，前轮轴前进的距离依次为：AB=2.0000；弧长BC=0.6955；CD=1.8820；DE=1.6459。总长度为6.2233。下图给出了一个较为复杂的路面的例子，在这个例子中，车轮在第一个下坡还没下完时（D点）就开始上坡了，之后在坡的顶点要从E绕一个较大的圆弧到F点。这个图中前轮的半径为1，每一段的长度依次为：AB=3.0000；弧长BC=0.9828；CD=1.1913；DE=2.6848；弧长EF=2.6224； FG=2.4415；GH=2.2792。总长度为15.2021。现在给出了车轮的半径和路面的描述，请求出车轮轴轨迹的总长度。"
30,"小明这些天一直在思考这样一个奇怪而有趣的问题：在1~N的某个全排列中有多少个连号区间呢？这里所说的连号区间的定义是：如果区间[L, R] 里的所有元素（即此排列的第L个到第R个元素）递增排序后能得到一个长度为R-L+1的“连续”数列，则称这个区间连号区间。当N很小的时候，小明可以很快地算出答案，但是当N变大的时候，问题就不是那么简单了，现在小明需要你的帮助。"
31,栋栋居住在一个繁华的C市中，然而，这个城市的道路大都年久失修。市长准备重新修一些路以方便市民，于是找到了栋栋，希望栋栋能帮助他。C市中有n个比较重要的地点，市长希望这些地点重点被考虑。现在可以修一些道路来连接其中的一些地点，每条道路可以连接其中的两个地点。另外由于C市有一条河从中穿过，也可以在其中的一些地点建设码头，所有建了码头的地点可以通过河道连接。栋栋拿到了允许建设的道路的信息，包括每条可以建设的道路的花费，以及哪些地点可以建设码头和建设码头的花费。市长希望栋栋给出一个方案，使得任意两个地点能只通过新修的路或者河道互达，同时花费尽量小。
32,长100厘米的细长直杆子上有n只蚂蚁。它们的头有的朝左，有的朝右。每只蚂蚁都只能沿着杆子向前爬，速度是1厘米/秒。当两只蚂蚁碰面时，它们会同时掉头往相反的方向爬行。这些蚂蚁中，有1只蚂蚁感冒了。并且在和其它蚂蚁碰面时，会把感冒传染给碰到的蚂蚁。请你计算，当所有蚂蚁都爬离杆子时，有多少只蚂蚁患上了感冒。
33,某涉密单位下发了某种票据，并要在年终全部收回。每张票据有唯一的ID号。全年所有票据的ID号是连续的，但ID的开始数码是随机选定的。因为工作人员疏忽，在录入ID号的时候发生了一处错误，造成了某个ID断号，另外一个ID重号。你的任务是通过编程，找出断号的ID和重号的ID。假设断号不可能发生在最大和最小号。
34,小明为某机构设计了一个十字型的徽标（并非红十字会啊），如下所示：对方同时也需要在电脑dos窗口中以字符的形式输出该标志，并能任意控制层数。
35,很久以前，T王国空前繁荣。为了更好地管理国家，王国修建了大量的快速路，用于连接首都和王国内的各大城市。为节省经费，T国的大臣们经过思考，制定了一套优秀的修建方案，使得任何一个大城市都能从首都直接或者通过其他大城市间接到达。同时，如果不重复经过大城市，从首都到达每个大城市的方案都是唯一的。J是T国重要大臣，他巡查于各大城市之间，体察民情。所以，从一个城市马不停蹄地到另一个城市成了J最常做的事情。他有一个钱袋，用于存放往来城市间的路费。聪明的J发现，如果不在某个城市停下来修整，在连续行进过程中，他所花的路费与他已走过的距离有关，在走第x千米到第x+1千米这一千米中（x是整数），他花费的路费是x+10这么多。也就是说走1千米花费11，走2千米要花费23。J大臣想知道：他从某一个城市出发，中间不休息，到达另一个城市，所有可能花费的路费中最多是多少呢？
37,X 国王有一个地宫宝库。是 n x m 个格子的矩阵。每个格子放一件宝贝。每个宝贝贴着价值标签。地宫的入口在左上角，出口在右下角。小明被带到地宫的入口，国王要求他只能向右或向下行走。走过某个格子时，如果那个格子中的宝贝价值比小明手中任意宝贝价值都大，小明就可以拿起它（当然，也可以不拿）。当小明走到出口时，如果他手中的宝贝恰好是k件，则这些宝贝就可以送给小明。请你帮小明算一算，在给定的局面下，他有多少种不同的行动方案能获得这k件宝贝。
38,"小明正在玩一个“翻硬币”的游戏。桌上放着排成一排的若干硬币。我们用 * 表示正面，用 o 表示反面（是小写字母，不是零）。比如，可能情形是：**oo***oooo如果同时翻转左边的两个硬币，则变为：oooo***oooo现在小明的问题是：如果已知了初始状态和要达到的目标状态，每次只能同时翻转相邻的两个硬币,那么对特定的局面，最少要翻动多少次呢？我们约定：把翻动相邻的两个硬币叫做一步操作，那么要求："
39,"斐波那契数列大家都非常熟悉。它的定义是：f(x) = 1 .... (x=1,2)f(x) = f(x-1) + f(x-2) .... (x>2)对于给定的整数 n 和 m，我们希望求出：f(1) + f(2) + ... + f(n) 的值。但这个值可能非常大，所以我们把它对 f(m) 取模。公式如下但这个数字依然很大，所以需要再对p 求模。"
40,有n个小朋友围坐成一圈。老师给每个小朋友随机发偶数个糖果，然后进行下面的游戏：每个小朋友都把自己的糖果分一半给左手边的孩子。一轮分糖后，拥有奇数颗糖的孩子由老师补给1个糖果，从而变成偶数。反复进行这个游戏，直到所有小朋友的糖果数都相同为止。你的任务是预测在已知的初始糖果情形下，老师一共需要补发多少个糖果。
41,古时丧葬活动中经常请高僧做法事。仪式结束后，有时会有“高僧斗法”的趣味节目，以舒缓压抑的气氛。节目大略步骤为：先用粮食（一般是稻米）在地上“画”出若干级台阶（表示N级浮屠）。又有若干小和尚随机地“站”在某个台阶上。最高一级台阶必须站人，其它任意。(如图1所示)两位参加游戏的法师分别指挥某个小和尚向上走任意多级的台阶，但会被站在高级台阶上的小和尚阻挡，不能越过。两个小和尚也不能站在同一台阶，也不能向低级台阶移动。两法师轮流发出指令，最后所有小和尚必然会都挤在高段台阶，再也不能向上移动。轮到哪个法师指挥时无法继续移动，则游戏结束，该法师认输。对于已知的台阶数和小和尚的分布位置，请你计算先发指令的法师该如何决策才能保证胜出。
42,X国的一段古城墙的顶端可以看成 2*N个格子组成的矩形（如下图所示），现需要把这些格子刷上保护漆。你可以从任意一个格子刷起，刷完一格，可以移动到和它相邻的格子（对角相邻也算数），但不能移动到较远的格子（因为油漆未干不能踩！）比如：a d b c e f 就是合格的刷漆顺序。c e f d a b 是另一种合适的方案。当已知 N 时，求总的方案数。当N较大时，结果会迅速增大，请把结果对 1000000007 (十亿零七) 取模。
43,"输入n, m, k，输出下面公式的值。其中C_n^m是组合数，表示在n个人的集合中选出m个人组成一个集合的方案数。组合数的计算公式如下。"
44,C国由n个小岛组成，为了方便小岛之间联络，C国在小岛间建立了m座大桥，每座大桥连接两座小岛。两个小岛间可能存在多座桥连接。然而，由于海水冲刷，有一些大桥面临着不能使用的危险。如果两个小岛间的所有大桥都不能使用，则这两座小岛就不能直接到达了。然而，只要这两座小岛的居民能通过其他的桥或者其他的小岛互相到达，他们就会安然无事。但是，如果前一天两个小岛之间还有方法可以到达，后一天却不能到达了，居民们就会一起抗议。现在C国的国王已经知道了每座桥能使用的天数，超过这个天数就不能使用了。现在他想知道居民们会有多少天进行抗议。
45,"小张是软件项目经理，他带领3个开发组。工期紧，今天都在加班呢。为鼓舞士气，小张打算给每个组发一袋核桃（据传言能补脑）。他的要求是：1. 各组的核桃数量必须相同2. 各组内必须能平分核桃（当然是不能打碎的）3. 尽量提供满足1,2条件的最小数量（节约闹革命嘛）"
46,小明开了一家糖果店。他别出心裁：把水果糖包成4颗一包和7颗一包的两种。糖果不能拆包卖。小朋友来买糖的时候，他就用这两种包装来组合。当然有些糖果数目是无法组合出来的，比如要买 10 颗糖。你可以用计算机测试一下，在这种包装情况下，最大不能买到的数量是17。大于17的任何数字都可以用4和7组合出来。本题的要求就是在已知两个包装的数量时，求最大不能组合出的数字。
47,"栋栋正在和同学们玩一个数字游戏。游戏的规则是这样的：栋栋和同学们一共n个人围坐在一圈。栋栋首先说出数字1。接下来，坐在栋栋左手边的同学要说下一个数字2。再下面的一个同学要从上一个同学说的数字往下数两个数说出来，也就是说4。下一个同学要往下数三个数，说7。依次类推。为了使数字不至于太大，栋栋和同学们约定，当在心中数到 k-1 时，下一个数字从0开始数。例如，当k=13时，栋栋和同学们报出的前几个数依次为：1, 2, 4, 7, 11, 3, 9, 3, 11, 7。游戏进行了一会儿，栋栋想知道，到目前为止，他所有说出的数字的总和是多少。"
48,X 国的一个网络使用若干条线路连接若干个节点。节点间的通信是双向的。某重要数据包，为了安全起见，必须恰好被转发两次到达目的地。该包可能在任意一个节点产生，我们需要知道该网络中一共有多少种不同的转发路径。源地址和目标地址可以相同，但中间节点必须不同。如下图所示的网络。1 -> 2 -> 3 -> 1 是允许的1 -> 2 -> 1 -> 2 或者 1 -> 2 -> 3 -> 2 都是非法的。
49,"抗日战争时期，冀中平原的地道战曾发挥重要作用。地道的多个站点间有通道连接，形成了庞大的网络。但也有隐患，当敌人发现了某个站点后，其它站点间可能因此会失去联系。我们来定义一个危险系数DF(x,y)：对于两个站点x和y (x != y), 如果能找到一个站点z，当z被敌人破坏后，x和y不连通，那么我们称z为关于x,y的关键点。相应的，对于任意一对站点x和y，危险系数DF(x,y)就表示为这两点之间的关键点个数。本题的任务是：已知网络结构，求两站点之间的危险系数。"
50,n 个小朋友站成一排。现在要把他们按身高从低到高的顺序排列，但是每次只能交换位置相邻的两个小朋友。每个小朋友都有一个不高兴的程度。开始的时候，所有小朋友的不高兴程度都是0。如果某个小朋友第一次被要求交换，则他的不高兴程度增加1，如果第二次要求他交换，则他的不高兴程度增加2（即不高兴程度为3），依次类推。当要求某个小朋友第k次交换时，他的不高兴程度增加k。请问，要让所有小朋友按从低到高排队，他们的不高兴程度之和最小是多少。如果有两个小朋友身高一样，则他们谁站在谁前面是没有关系的。
51,"幸运数是波兰数学家乌拉姆命名的。它采用与生成素数类似的“筛法”生成。首先从1开始写出自然数1,2,3,4,5,6,....1 就是第一个幸运数。我们从2这个数开始。把所有序号能被2整除的项删除，变为：1 _ 3 _ 5 _ 7 _ 9 ....把它们缩紧，重新记序，为：1 3 5 7 9 .... 。这时，3为第2个幸运数，然后把所有能被3整除的序号位置的数删去。注意，是序号位置，不是那个数本身能否被3整除!! 删除的应该是5，11, 17, ...此时7为第3个幸运数，然后再删去序号位置能被7整除的(19,39,...)最后剩下的序列类似：1, 3, 7, 9, 13, 15, 21, 25, 31, 33, 37, 43, 49, 51, 63, 67, 69, 73, 75, 79, ..."
52,C村住着n户村民，由于交通闭塞，C村的村民只能通过信件与外界交流。为了方便村民们发信，C村打算在C村建设k个邮局，这样每户村民可以去离自己家最近的邮局发信。现在给出了m个备选的邮局，请从中选出k个来，使得村民到自己家最近的邮局的距离和最小。其中两点之间的距离定义为两点之间的直线距离。
53,"闲暇时，福尔摩斯和华生玩一个游戏：在N张卡片上写有N个整数。两人轮流拿走一张卡片。要求下一个人拿的数字一定是前一个人拿的数字的约数或倍数。例如，某次福尔摩斯拿走的卡片上写着数字“6”，则接下来华生可以拿的数字包括：1，2，3, 6，12，18，24 ....当轮到某一方拿卡片时，没有满足要求的卡片可选，则该方为输方。请你利用计算机的优势计算一下，在已知所有卡片上的数字和可选哪些数字的条件下，怎样选择才能保证必胜！当选多个数字都可以必胜时，输出其中最小的数字。如果无论如何都会输，则输出-1。"
54,给定一个n*m的矩阵A，求A中的一个非空子矩阵，使这个子矩阵中的元素和最大。其中，A的子矩阵指在A中行和列均连续的一块。
58,给定一个字符串列表，统计字符串列表中每种字符出现次数。
59,"有x,y,z三个数，将三个数从小到大print出来。"
76,输入四个数，实现降序排序
83,中秋节到了，小华想购买学校发售的月饼，而且因为某些原因，他想要尽可能多花点钱，你能帮助他想出最好的购买策略吗？注意：假如学校发售的有 3 种月饼，其库存量分别为 18、15、10个，总售价分别为 75、72、45 元。如果小华最多只想买20个，那么花钱最多的策略应该是买全部 15 个第 2 种月饼、以及 5 个第 3 种月饼，花费 72 + 45/2 = 94.5（元）。
84,给定一个长度为n的数列，将这个数列按从大到小的顺序排列。1<=n<=1000
85,编写一个程序，输入一个字符串（不超过100），然后把这个字符串内的每一个字符进行大小写变换，即将大写字母变成小写，小写字母变成大写，然后把这个新的字符串输出。
86,"华师大一年一度的新春游园会上有一个非常有趣的游戏，名为找球游戏。游戏规则为：在现有的一堆球中，每个球上都有一个整数编号i(0<=i<=100000000),编号可重复，还有一个空箱子。现在有三种动作：一种是""ADD""，表示向空箱子里放m(0<m<=100)个球，另一种是“DELETE”，表示从箱子里拿走m个球（拿走的球必然是箱子里有的），还有一种是""QUERY”，表示说出M(0<M<=100)个随机整数ki(0<=ki<=100000100),分别判断编号为ki 的球是否在这个空箱子中（存在为""YES"",否则为""NO""），先答出者为胜。小华很想玩玩这个游戏，但他又很懒。所以他希望你能帮助他取得胜利。"
87,从键盘输入一个不超过8位的正的十六进制数字符串，将它转换为正的十进制数后输出。注：十六进制数中的10~15分别用大写的英文字母A、B、C、D、E、F表示。
88,小华想要开发一个传统的迷宫游戏，但是他不知道自己设计的地图是否符合要求，请你帮助他来判断。
89,世界上宗教何其多，小华对华师大的学生总共有多少种宗教信仰很感兴趣，想请你帮忙解决一个问题。假设华师大有n个学生，但是你不能直接问学生的信仰，不然他会感到很不舒服。有另外一个方法是问m对同学，是否信仰同一宗教。根据这些数据，相信聪明的你是能够计算学校最多有多少种宗教信仰的。
90,小华在业余时间很喜欢玩连连看，现在他很想开发一个自动判别两个格子能不能消去的程序，但又毫无头绪，所以希望你能帮助他。“连连看”的游戏规则：在一个棋盘中，放了很多的棋子。如果某两个相同的棋子，可以通过一条线连起来（这条线不能经过其它棋子，且不能从棋盘外围通过），而且线的转折次数不超过两次，那么这两个棋子就可以在棋盘上消去。玩家鼠标先后点击两块棋子，试图将他们消去，然后游戏的后台判断这两个格子能不能消去。现在你的任务就是帮助小华写出这个后台程序。
91,求指定区间的和
94,求指定区间的奇数个数
97,万圣节前夕，孩子们会提着南瓜灯，穿着各式各样的稀奇古怪的服装，挨家挨户地去索要糖果，不停地说：“trick or treat”（意思是：“给不给，不给就捣蛋。”）要是你不肯给糖果的话，孩子们就会很生气，用各种方法去惩罚你，例如：把垃圾倒在你家里等等的方法去惩罚你，直到你肯给他们糖果为止。那么问题来了，丁丁有n元钱，商店里每个糖果需要3毛钱，问丁丁最多能买多少糖果，还剩几毛钱。
98,"有n个城市（编号为1-n），现在给你m条边，每条边用u,v表示，代表城市u和城市v之间有公路直接连接。现在有q个询问，每个询问有a,b两个数，问你a城市和b城市是否直接连通。"
99,丁丁喜欢捡石子，有一天他突然有了一个有趣的想法，有n个石子，每次他只能捡一颗石子或者两颗石子，他想知道捡完这n颗石子共有多少方案。
100,"有N行M列的地图，左上角坐标为（1,1），右下角坐标为（n,m），每个格子可以是空地或墙，空地可以走，问能否从（1,1）到达（n,m）"
101,"一个大于1的正整数，如果除了1和它本身以外，不能被其他正整数整除，就叫素数,给一个数n，判断它是不是素数。"
102,输入n个数，将它们从小到大排序输出
103,"输入n个排好序（从小到大）的数，输入q，代表q次询问，每次输入数m，问m是否在序列中，是输出数m所在下标,否则输出-1"
104,"已知二叉树的先序遍历的字符串如abd##e#f##cg###,#代表空节点，求二叉树的中序和后序遍历"
105,已知先序遍历序列和中序遍历序列，求二叉树的后序遍历和层序遍历序列
107,给定一个字符串，找到它的第一个不重复的字符，并返回它的索引。如果不存在，则返回 -1。注意事项：您可以假定该字符串只包含小写字母。
109,"给你一段文字，请统计其中各个单词的数目。文字中可能包含以下字符：[',','.','!','?',':','(',')']请统计文字中的单词出现次数，并按照先后顺序输出。注意：单词区分大小写，既What 和what算2个单词"
116,小华手上有一个长度为n的数列，里面的数字都是乱序的，现在他想要将它们都按照从大到小排序，你能帮助他吗？
117,从键盘输入两个字符串(包含大小写)，将两字符串合并，要求合并后的字符串按照ASCII码顺序排列，并且重复字符只出现一次（大小写不算重复），最后输出合并后的结果。
118,"小华有N个石子，每个石子的重量为Qi，现在他要按顺序将它们装入K个筐中，求一种方案，使得最重的筐的重量达到最轻。例如当N=6, K=3,Q[1..6]=(3,8,4,11,3,4)时，最轻重量为15，装法为(3,8,4)(11)(3,4)"
119,"给定一个n*m的矩阵，矩阵上的每个格子上都有一个权值。现在有q次询问，每次询问给出一个子矩阵的左上角$(x_1,y_1)$和右下角$(x_2,y_2)$，求该子矩阵的权值和。"
120,小明现在会求$n!$以及$n!$末尾连续0的个数了，但是他现在想考考你另一个问题：给定一个整数k，求最小的n，使得$n!$末尾连续0的个数$\geq$k。小明怕你不记得相关公式了，所以他告诉你$n !$末尾连续0的个数的公式为：$\lfloor\frac{n}{5}\rfloor+\lfloor\frac{n}{5 ^2}\rfloor+\lfloor\frac{n}{5^3}\rfloor+...+0$
121,小明在玩一款新的消消乐游戏，游戏描述如下：给定一个n*m的矩阵作为游戏棋盘，棋盘为四连通，棋盘上共有2种字符:‘c’: 表示该点可以连通‘x’: 表示该点为障碍点游戏获得奖励有两种规则：规则一：对于棋盘中的一点，若字符为‘c’，可以选择消去该点并获得奖励p；规则二：对于棋盘上相邻的两点（即两点为上下或左右相邻），若字符都为‘c’，则可以选择消去这两点并获得奖励q。现在给定n*m大小的棋盘和两种奖励p和q，求最优方案下你能获得的最大奖励。
122,小华在玩一个迷宫游戏。他想快一点找到一条从起点到终点的路径，但是又懒得自己去做，于是就委托你帮他找一条最短的路线。
123,"我们知道，对于一个数$x(x != 1)$，用唯一分解定理可以表示为$p_1^{q1}p_2^{q2}...p_k^{qk} $（$p_i,q_i$分别表示素因子以及指数，k为该数不同素因子个数），定义该数的价值为$(q_1+1)(q_2+1)...(q_k+1)$，也就是该数的价值=该数的因子个数。现在给定一个整数n，求1到n的所有整数的价值之和（定义1的价值为1）。由于结果很大，请对结果%(1e9+7)后作为最终答案输出。"
124,"在数学上，斐波那契数列的定义为：$F(1)=1,F(2)=1,F(n)=F(n-1)+F(n-2)(n \geq 3,n∈N^*)$。那么给定一个数n，你能判断它是不是斐波那契数列中的某项吗？若是，输出“Yes”，否则输出“No”。"
125,小华去学校超市买东西，由于没带手机，所以他只能用现金付款。已知售货员需要找给他x元钱，可以用的找零有1元、2元、5元。由于钞票稀缺，所以5元只有a张，而1元只有1张，2元则有无限张，那么售货员最少需要拿出几张纸币呢？如果存在最优方案找出零钱，请输出这个数量；否则如果不存在一种方案，输出-1。
126,输入2个正整数lower和upper（lower≤upper≤100），请输出一张取值范围为[lower，upper]、且每次增加2华氏度的华氏-摄氏温度转换表。温度转换的计算公式：C=5×(F−32)/9，其中：C表示摄氏温度，F表示华氏温度。
127,计算下列分段函数f(x)的值：注：可在头文件中包含math.h，并调用sqrt函数求平方根，调用pow函数求幂。
128,输入某年某月某日，判断这几一天是这一年的第几天？
129,"给定两个数m和n，求m和n之间的素数个数（包括m,n）,试编写相应程序。"
130,本题要求编写程序，将给定n×n方阵中的每个元素循环向右移m个位置，即将第0、1、⋯、n−1列变换为第n−m、n−m+1、⋯、n−1、0、1、⋯、n−m−1列。
131,猜数字游戏是令游戏机随机产生一个100以内的正整数，用户输入一个数对其进行猜测，需要你编写程序自动对其与随机产生的被猜数进行比较，并提示大了（“Too big”），还是小了（“Too small”），相等表示猜到了。如果猜到，则结束程序。程序还要求统计猜的次数，如果1次猜出该数，提示“Bingo!”；如果3次或者3次以内猜到该数，则提示“Lucky You!”；如果超过3次但是在N（>3）次以内（包括第N次）猜到该数，则提示“Good Guess!”；如果超过N次都没有猜到，则提示“Game Over”，并结束程序。如果在到达N次之前，用户输入了一个负数，也输出“Game Over”，并结束程序。
132,给定一个n×n的方阵，本题要求计算该矩阵除副对角线、最后一列和最后一行以外的所有元素之和。副对角线为从矩阵的右上角至左下角的连线。
136,按照规定，在高速公路上行使的机动车，达到或超出本车道限速的10%则处200元罚款；若达到或超出50%，就要吊销驾驶证。请编写程序根据车速和限速自动判别对该机动车的处理
137,本题要求编写程序，打印一个高度为n的、由“*”组成的正菱形图案
141,小明同学刚刚学会了字符串，现在他想考你一道有关字符串的题目。给定一个只包含小写字母'a'-'z'的字符串S，你需要将S中的字符重新排序，使得任意两个相同的字符不连在一起。如果有多个重排后的字符串满足条件，输出字典序最小的一个。字典序小于定义：对于字符串a和b，找到第一个i使得a[i]<b[i]，且同时满足a[j]=b[j](j<i)，则a的字典序更小。如果不存在满足条件的字符串，输出‘INVALID’(不包括引号)。
142,给定n本书的名称和定价，本题要求编写程序，查找并输出其中定价最高和最低的书的名称和定价。
143,输入一个字符串，对该字符串进行逆序，输出逆序后的字符串。
144,本题要求编写程序，根据输入学生的成绩，统计并输出学生的平均成绩、最高成绩和最低成绩。建议使用动态内存分配来实现。
145,本题目要求编写程序统计一行字符中单词的个数。所谓“单词”是指连续不含空格的字符串，各单词之间用空格分隔，空格数可以是多个。
146,给定若干行只由英文字母组成的人名，可能会有重复，试输出出现次数最多人名出现的次数和出现次数最少人名出现的次数。
147,本题要求编写程序，以hh:mm:ss的格式输出某给定时间再过n秒后的时间值（超过23:59:59就从0点开始计时）。
148,给定一个n*m大小的矩阵，矩阵中每个值分别为0、1、2中的一个数。数的含义如下：0表示是一块空地；1表示炸弹，炸弹引爆时会将炸弹所在行、所在列都波及，炸弹引爆会产生连锁反应；2表示墙，会阻挡炸弹在该点及之后方向上的波及。每次引爆1个炸弹付出的代价为1，试求出使得矩阵中所有炸弹都被引爆所需要的最小代价。
149,输入一个以#结束的字符串，本题要求滤去所有的非十六进制字符（不分大小写），组成一个新的表示十六进制数字的字符串，然后将其转换为十进制数后输出。如果在第一个十六进制字符之前存在字符“-”，则代表该数是负数。
158,生物学院的同学在研究一种罕见的昆虫性行为。这些昆虫具有两种不同的性别，并且它们只与异性的虫子互动，不和同性的虫子互动。在实验中，个别虫子的错误行为能够很容易地被识别，因为它们的身体上都印有数字标号。现在，给你一组虫子的互动列表，需要请你帮助生物学院的同学判断这个实验中的虫子是否有错误行为。例如，有编号1，2，3三只虫。互动列表为：1 22 31 3很显然，该实验中的虫子有错误的互动行为。
159,新学期开学，老师需要按照身高给学生们排座位。现在需要你写一个程序，帮助老师按照身高大小，给学生们排序。
160,给定一组不同长度的木棍，是否可以将它们端到端连接成一个正方形？
161,小华和小明需要互发信息，为了防止其他人获取这些信息，他们打算确定一个加密方式。小华提出，将26个字母按照1~26编号，例如“and”加密后就是“1144”。不过，小明认为这是个极其傻的加密方式，因为他通过“1144”能够解出多个组合，比如“and”，“kdd”，“aadd”，而且随着字符串的增加，这些可能组合将会越来越多，非常不方便解码。但是，小华不相信，你能帮助小明设计一个程序来说服小华吗？该程序需要判断输入的数字串有几种可能的解码结果，然后输出结果总数。
162,给定一个长度为n的数组a[1...n]，试找出两个位置不相邻的数，它们的和最大。
163,有n个人想参加舞会，他们的身高为p[1...n]，现在舞会提出了一个奇怪的要求：必须成双参加，且参与者的身高差要至少为d。请问这场舞会最多有几对人可以参加？
164,王国内种植着一棵树，树上有n个节点，每个节点都由一位剑士把守，其中1号节点为树根。每位剑士都有一个战斗力数值。现在王国要举办n次竞技，第i次竞技在i号节点进行，属于i号子树内的所有剑士相约来到i号节点，两两进行竞技，战斗力数值更高的一方获得胜利，获胜一方将对i节点的生命值增加其战斗力数值。若两名剑士战斗力数值相同，任意一方均有50%的概率获胜。初始时n个节点的生命值都为0，现在请你输出n次竞技后所有节点的生命值。
165,浩瀚的宇宙是一个黑暗森林，而带有生命的星球就是森林中的猎手。作为面壁者，罗辑知道只需30个恒星的星图，便可以唯一确定这些星球的位置。如果这些恒星能够发射宇宙级功率，便会暴露这些恒星的位置，这是三体人所害怕的事情。现在让我们简化这个事实：假设宇宙由n个一维点组成，坐标为1~n，每个点都有点值 ​v_{i} ：如果​ v_{i} > 0，代表该点是恒星，且能量为​ v_{i} ；若 v_{i}​ = 0，代表该点是尘埃，会在宇宙中隔开恒星。坐标相邻的恒星组成了恒星群，若该恒星群中恒星的数量至少有30个，且其中最大能量恒星的能量至少是最小能量恒星的能量的100倍，则如上所述，该恒星群暴露于危险之中。给定n个点，表示宇宙，试求出暴露于危险中的恒星群的数量。
166,划拳是古老中国酒文化的一个有趣的组成部分。酒桌上两人划拳的方法为：每人口中喊出一个数字，同时用手比划出一个数字。如果谁比划出的数字正好等于两人喊出的数字之和，谁就输了，输家罚一杯酒。两人同赢或两人同输则继续下一轮，直到唯一的赢家出现。下面给出甲、乙两人的酒量（最多能喝多少杯不倒）和划拳记录，请你判断两个人谁先倒。
167,某公司员工的工资计算方法如下：一周内工作时间不超过40小时，按正常工作时间计酬；超出40小时的工作时间部分，按正常工作时间报酬的1.5倍计酬。员工按进公司时间分为新职工和老职工，进公司不少于5年的员工为老职工，5年以下的为新职工。新职工的正常工资为30元/小时，老职工的正常工资为50元/小时。请按该计酬方式计算员工的工资。
168,"题的目标很简单，就是求两个正整数A和B的和，其中A和B都在区间[1,1000]。稍微有点麻烦的是，输入并不保证是两个正整数。"
169,暑假开始了，有很多电视剧和综艺节目开播了。你有很多电视剧和节目都特别想看，但是它们的时间可能会有冲突，所以你想尽可能多看一些电视剧和节目。假设你已经知道了所有你喜欢看的电视节目的转播时间表，你会合理安排吗？（目标是能看尽量多的完整节目）
170,小华买了n个西瓜，第i个西瓜的重量为wi，并且没有两个西瓜的重量相同。小华在吃西瓜之前想把西瓜的重量从小到大排序，并且他会问你m个问题，第i个问题告诉你一个数qi，你需要回答出重量为qi的西瓜在排完序后在第几个位置，保证重量为qi的西瓜一定能找到。
171,给定一个起始长度为n的单链表head->a[1]->a[2]->…->a[n]（head为空头节点），有一个p指针初始指向head。现在有Q次操作，每次操作为以下两种中的一种：1.如果p指针有下一个节点，则跳转到下一个节点；2.在p指针节点后插入一个值为val的节点。Q次操作后请输出当前的单链表。
172,给定两个有序数组，第一个增序，第二个降序，输出两个数组合并后的增序数组。
173,"传说火星人说火星语，这个自然我们听不懂。不过听说火星人计数采用十一进制(0,1,2,3,4,5,6,7,8,9,A)，请你输出十进制数转化为十一进制后的数。"
182,布置宴席最微妙的事情，就是给前来参宴的各位宾客安排座位。无论如何，总不能把两个死对头排到同一张宴会桌旁！这个艰巨任务现在就交给你，对任何一对客人，请编写程序告诉主人他们是否能被安排同席。
183,给定n次操作，请你使用单链表来实现。初始有一个空链表，每次操作给定一个整数a[i]，如果链表中已有该数，请将该数的指针节点插到单链表的末尾，如果没有则在单链表的末尾新插入一个值为a[i]的指针节点，n次操作后请输出该单链表。
184,给出一个长度为n的数组，你需要找出一个子串（注意子串在数组中是连续的一段），并且该子串的和是最大的，最后你只需要输出这个最大的子串和即可。
188,输入4个整数，计算并输出这些整数的和与平均值，其中平均值精确到小数点后1位，试编写相应程序
189,为提倡居民节约用电，某省电力公司执行“阶梯电价”，安装一户一表的居民用户电价分为两个“阶梯”：月用电量50千瓦时（含50千瓦时）以内的，电价为0.53元/千瓦时；超过50千瓦时的，超出部分的用电量电价上调0.05元/千瓦时。输入用户的月用电量（千瓦时），计算并输出改用户应支付的电费（元）。试着编写相应程序。
190,"输入两个正整数m和n(0<m<=n),求和：   i^2+1/i   (i 从 m 到 n)，保留最后6位小数，是编写相应的程序。"
191,输入一个正整数n，计算交错序列1-2/3+3/5-4/7+5/9-6/11+……的前n项之和，试编写相应程序。
192,输入一个正整数n，计算1+\sqrt(2)+\sqrt(3)+……+\sqrt(n)的值（保留2位小数）。可能包含头文件marth.h，并调用sqrt()函数求平方根。是编写相应程序。
193,输入一个正整数n，求e=1!+2!+3!+……+n!，要求定义调用函数fact(n) 计算n!，函数类型是double。是编写想用的程序。
194,输入3个整数，按照从小到大的顺序输出。试着编写相应的程序。
195,按照规定，在高速公路上行驶的机动车，超出本车道限速的10%则处200元处罚；若超出50%，就要吊销驾驶证。请编写程序根据车速和限速自动判别对该机动车的处理。
196,本题要求实现符号函数sign(x)。函数接口定义：int sign( int x );其中x是用户传入的整型参数。符号函数的定义为：若x大于0，sign(x) = 1；若x等于0，sign(x) = 0；否则，sign(x)=−1。
197,"本题要求实现一个函数，计算N个整数中所有奇数的和，同时实现一个判断奇偶性的函数。函数接口定义：int even( int n );int OddSum( int List[], int N );其中函数even将根据用户传入的参数n的奇偶性返回相应值：当n为偶数时返回1，否则返回0。函数OddSum负责计算并返回传入的N个整数List[]中所有奇数的和。"
198,"本题要求实现一个函数，对给定平面任意两点坐标(x​1​​,y​1​​)和(x​2​​,y​2​​)，求这两点之间的距离。函数接口定义：double dist( double x1, double y1, double x2, double y2);其中用户传入的参数为平面上两个点的坐标(x1, y1)和(x2, y2)，函数dist应返回两点间的距离。"
199,"本题要求实现一个判断素数的简单函数、以及利用该函数计算给定区间内素数和的函数。素数就是只能被1和自身整除的正整数。注意：1不是素数，2是素数。函数接口定义：int prime( int p );int PrimeSum( int m, int n );其中函数prime当用户传入参数p为素数时返回1，否则返回0；函数PrimeSum返回区间[m,n]内所有素数的和。题目保证用户传入的参数m≤n。"
200,"本题要求实现一个统计整数中指定数字的个数的简单函数。函数接口定义：int CountDigit( int number, int digit );其中number是不超过长整型的整数，digit为[0, 9]区间内的整数。函数CountDigit应返回number中digit出现的次数。"
201,"水仙花数是指一个N位正整数（N≥3），它的每个位上的数字的N次幂之和等于它本身。例如：153=1^​3​​+5^​3​​+3^​3​​。 本题要求编写两个函数，一个判断给定整数是否水仙花数，另一个按从小到大的顺序打印出给定区间(m,n)内所有的水仙花数。函数接口定义：int narcissistic( int number );void PrintN( int m, int n );函数narcissistic判断number是否为水仙花数，是则返回1，否则返回0。函数PrintN则打印闭区间[m, n]内所有的水仙花数，每个数字占一行。题目保证100≤m≤n≤10000。"
202,"本题要求实现一个函数，用下列公式求cos(x)的近似值，精确到最后一项的绝对值小于e：cos(x)=x^​0​​/0!−x^​2​​/2!+x^​4​​/4!−x^​6​​/6!+⋯函数接口定义：double funcos( double e, double x );其中用户传入的参数为误差上限e和自变量x；函数funcos应返回用给定公式计算出来、并且满足误差要求的cos(x)的近似值。输入输出均在双精度范围内。"
203,某城市普通出租车收费标准如下：起步里程为3公里，起步费10元，超出起步时:  3公里以上10公里以内的部分(包含十公里)，每公里2元；超过10公里以上的部分加收50%的空驶补贴费，即每公里3元；运营过程中，因路阻及乘客要求临时停车的，每5分钟2元计收(不足五分钟则不收费）。运价计费位数四舍五入，保留到元。编写程序，输入行驶路程（公里）与等待时间（分钟），计算并输出乘客应支付费用（元）。
204,输入一个正整数n，再输入n个学生的成绩，统计五分制成绩的成绩分布。百分制成绩到五分制成绩的转换规则：大于或等于90分为A，小于90且大于或等于80分为B，小于80分且大于或等于70分为C，小于70分且大于或等于60为D，小于60分为E。试着编写相应程序。
205,"输入平面上任意三个点的坐标（x1,y1）、（x2,y2）、（x3,y3），检验它们能否构成三角形。如果这3个点能构成一个三角形。如果这3个点能够构成一个三角形，输出周长和面积（2位小数）；否则输出“Impossible”。试编写相应程序。提示：在一个三角形中，任意两边之和大于第三边。三角形面积计算公式如下：Area = sqrt(s(s-a)(s-b)(s-c))，其中s = (a+b+c)/2"
206,输入一批正整数（以零或负数为结束标志），求其中的奇数和。试编写相应程序。
207,输入一个实数x，计算并输出下式的和，直到最后一项的绝对值小于0.00001，计算结果保留四位小数。要求定义和调用函数fact(n)计算n的阶乘，可以调用pow()函数求幂。试编写相应程序。S= 1+x+x^2/2! + x^3/3! + x^4/4! +……
208,输入一个整数n，输出2/1+3/2+5/3+8/5+……的前n项之和，保留2位小数，该序列从第二项起，每一项的分子是前一项分子与分母的和，分母是前一项的分子。试编写相应的程序。
210,将一笔零钱（大于8分，小于1元，精确到分），换成5分、2分和1分的硬币，每种硬币至少有一枚。输入金额，问有几种换法，输出有多少种换法。试编写相应程序。
211,输入一个正整数n（3<=n<=7），输出所有n位水仙花数。水仙花数是指一个n位正整数，它的各位数字是n次幂之和等于它本身，输出n位所有水仙花数数量。试编写相应程序。例如：153各位数字的立方和是1^3+5^3+3^3=153。
212,"输入两个正整数m和n（m<=1000,n<=1000），求其最大公约数和最小公倍数，试编写相应程序。"
213,皮球从height（米）高度自由落下，触地后反弹到原高度的一半再落下，再反弹…… 如此反复。问皮球在n次反弹的高度是多少？输出保留2位小数，试编写相应程序。
214,输入一个正整数n（n为奇数），打印一个高度为n的“*”菱形图案。试编写相应程序。
215,一只猴子第一天摘下若干个桃子，当即吃了一半，还不过瘾，多吃了一个；第二天早上又将剩下桃子吃掉一半，又多吃了一个。以后每天早上都是了前一天剩下的一半加一个。到第n天早上想再吃时就只剩下一个桃子了。问：第一天一共摘了多少个桃子？试编写相应程序（提示：采取逆向思维的方法，从后往前判断）
216,一对兔子，从出生后第三个月起每个月都生一对兔子。小兔子长到第3个月后每个月又生一对兔子。假如兔子都不死，请问第一个月出生的一对兔子，至少需要繁衍到第几个月时兔子总数才可以达到n对？输入一个不超过10000的正整数n，输出兔子总数达到n最少需要的月数。试编写相应程序。
246,"本题要求实现一个函数，统计给定字符串中英文字母、空格或回车、数字字符和其他字符的个数。函数接口定义：void StringCount( char s[] );其中char s[]是用户传入的字符串。函数StringCount须在一行内按照英文字母个数,空格或回车个数,数字字符个数,其他字符个数的格式输出。"
247,"给定两个均不超过9的正整数a和n，要求编写函数求a+aa+aaa++⋯+aa⋯a（n个a）之和。函数接口定义：int fn( int a, int n );int SumA( int a, int n );其中函数fn须返回的是n个a组成的数字；SumA返回要求的和。"
248,本题要求实现一个函数，输出两正整数m和n（0<m≤n≤10000）之间的所有完数个数。所谓完数就是该数恰好等于除自身外的因子之和，特别的，1也算完数。例如：6=1+2+3，其中1、2、3为6的因子。如果给定区间内没有完数，则输出一行“No perfect number”。
249,"本题要求实现一个计算Fibonacci数的简单函数，并利用其实现另一个函数，输出两正整数m和n（0<m≤n≤10000）之间的所有Fibonacci数。所谓Fibonacci数列就是满足任一项数字是前两项的和（最开始两项均定义为1）的数列。函数接口定义：int fib( int n );void PrintFN( int m, int n );其中函数fib须返回第n项Fibonacci数；函数PrintFN要在一行中输出给定范围[m, n]内的所有Fibonacci数，相邻数字间有一个空格，行末不得有多余空格。如果给定区间内没有Fibonacci数，则输出一行“No Fibonacci number”。"
250,本题要求实现一个判断素数的简单函数，并利用该函数验证哥德巴赫猜想：任何一个不小于6的偶数均可表示为两个奇素数之和。最后给定两个整数m和n，按顺序输出满足条件的数，并按一定形式输出。（素数就是只能被1和自身整除的正整数。注意：1不是素数，2是素数。）函数接口定义：int prime( int p );void Goldbach( int n );其中函数prime当用户传入参数p为素数时返回1，否则返回0；函数Goldbach按照格式“n=p+q”输出n的素数分解，其中p≤q均为素数。又因为这样的分解不唯一（例如24可以分解为5+19，还可以分解为7+17），要求必须输出所有解中p最小的解。
251,本题要求实现一个求整数的逆序数的简单函数。（注意：逆序后去掉前导0）函数接口定义：int reverse( int number );其中函数reverse须返回用户传入的整型number的逆序数。
252,模拟简单运算器的工作。假设计算器只能进行加减乘除运算，运算数和结果都是整数，四种运算符的优先级相同，按从左到右的顺序计算。
253,本题目要求编写程序统计一行字符中单词的个数。所谓“单词”是指连续不含空格的字符串，各单词之间用空格分隔，空格数可以是多个。
257,给你一堆存在时间冲突的任务，需要你合理安排，尽可能多完成一些任务。假设你已经知道了所有任务的开始和结束时间，你会合理安排吗？（目标是尽可能完成更多的任务）
258,小明同学刚刚学会了字符串，现在他想考你一道有关字符串的题目。给定一个只包含小写字母'a'-'z'的字符串S，你需要将S中的字符重新排序，使得任意两个相同的字符不连在一起。如果有多个重排后的字符串满足条件，输出字典序最小的一个。字典序小于定义：对于字符串a和b，找到第一个i使得a[i]<b[i]，且同时满足a[j]=b[j](j<i)，则a的字典序更小。如果不存在满足条件的字符串，输出‘INVALID’(不包括引号)。
259,给定一个n*m大小的矩阵，矩阵中每个值分别为0、1、2中的一个数。数的含义如下：0表示是一块空地；1表示炸弹，炸弹引爆时会将炸弹所在行、所在列都波及，炸弹引爆会产生连锁反应；2表示墙，会阻挡炸弹在该点及之后方向上的波及。每次引爆1个炸弹付出的代价为1，试求出使得矩阵中所有炸弹都被引爆所需要的最小代价。
260,给定一个起始长度为n的单链表head->a[1]->a[2]->…->a[n]（head为空头节点），有一个p指针初始指向head。现在有Q次操作，每次操作为以下两种中的一种：1.如果p指针有下一个节点，则跳转到下一个节点；2.在p指针节点后插入一个值为val的节点。Q次操作后请输出当前的单链表。
261,给定一个长度为n的数组a[1...n]，试找出至少k个位置互不相邻的数（可以恰好等于k个），它们的和最大。
270,"输入一个正整数n(1<n<=10),再输入n个整数，将他们从大到小排序后输出。试编写相应程序。"
282,输入一个正整数n（1<n<=1000），再输入n个整数，分析每个整数的每一位数字，求出现次数最多的数字。例如输入n个整数，分析每个整数的每一位数字，求出现次数最多的数字。例如输入3个整数1234、2345、3456，其中出现次数最多的数字是3和4，均出现了3次。试编写相应程序。
283,"输入一个正整数n(1<=n<=6)和n阶方阵a中的元素，如果a是上三角矩阵，输出”YES”,否则输出“NO”。"
284,"输入2个正整数m和n（1<=m<=6,1<=n<=6），然后输入矩阵a（m行n列）中的元素，分别求出各行元素之和，并输出。试编写相应程序。"
285,输入1个整数n（1<=n<=6）和n阶方阵a中的元素，假设方阵a最多有1个鞍点，如果找到a的鞍点，就输出其下标，否则，输出“NO”。鞍点的元素值在该行上最大，该列上最小，试编写相应程序。
291,"本题要求实现一个拆分实数的整数与小数部分的简单函数。函数接口定义：void splitfloat( float x, int *intpart, float *fracpart);其中x是被拆分的实数（0≤x<10000），*intpart和*fracpart分别是将实数x拆分出来的整数部分与小数部分。请实现函数接口，并在主函数中调用它。"
292,"本题要求实现一个在数组中查找指定元素的简单函数。函数接口定义：int search( int list[], int n, int x );其中list[]是用户传入的数组；n（≥0）是list[]中元素的个数；x是待查找的元素。如果找到则函数search返回相应元素的最小下标（下标从0开始），否则返回−1。"
293,"本题要求实现一个对数组进行循环右移的简单函数：一个数组a中存有n（>0）个整数，将每个整数循环向右移m（≥0）个位置，即将a中的数据由（a​0​​a​1​​⋯a​n−1​​）变换为（a​n−m​​⋯a​n−1​​a​0​​a​1​​⋯a​n−m−1​​）（最后m个数循环移至最前面的m个位置）。函数接口定义：int ArrayShift( int a[], int n, int m );其中a[]是用户传入的数组；n是数组的大小；m是右移的位数。函数ArrayShift须将循环右移后的数组仍然存在a[]中。"
294,"报数游戏是这样的：有n个人围成一圈，按顺序从1到n编好号。从第一个人开始报数，报到m（<n）的人退出圈子；下一个人从1开始报数，报到m的人退出圈子。如此下去，直到留下最后一个人。本题要求编写函数，给出每个人的退出顺序编号。函数接口定义：void CountOff( int n, int m, int out[] );其中n是初始人数；m是游戏规定的退出位次（保证为小于n的正整数）。函数CountOff将每个人的退出顺序编号存在数组out[]中。因为C语言数组下标是从0开始的，所以第i个位置上的人是第out[i-1]个退出的。"
295,"本题要求编写函数，将输入字符串t中从第m个字符开始的全部字符复制到字符串s中。函数接口定义：void strmcpy( char *t, int m, char *s );函数strmcpy将输入字符串char *t中从第m个字符开始的全部字符复制到字符串char *s中。若m超过输入字符串的长度，则结果字符串应为空串。"
296,"本题要求实现一个删除字符串中的指定字符的简单函数。函数接口定义：void delchar( char *str, char c );其中char *str是传入的字符串，c是待删除的字符。函数delchar的功能是将字符串str中出现的所有c字符删除。"
297,本题要求编写程序，读入5个字符串，按由小到大的顺序输出。
298,本题要求编写函数，判断给定的一串字符是否为“回文”。所谓“回文”是指顺读和倒读都一样的字符串。如“XYZYX”和“xyzzyx”都是回文。函数接口定义：bool palindrome( char *s );函数palindrome判断输入字符串char *s是否为回文。若是则返回true，否则返回false。
299,本题要求实现一个函数，统计给定字符串中的大写字母、小写字母、空格、数字以及其它字符各有多少。函数接口定义：void StringCount( char *s );其中char *s是用户传入的字符串。函数StringCount须在一行内按照大写字母个数 小写字母个数 空格个数 数字个数 其它字符个数 (注： 换行符也算字符）的格式输出。
311,给你一个数组，数组上的每个位置都有一定数量的豆子，现在吃豆人会进行若干次操作，每次操作给定一个坐标x，吃豆人会把位于坐标x上位置的豆子都吃掉，同时位于x位置右边的位置都会向左移动一格。具体来说，x+1位置上的豆子转移到x位置，x+2位置上的豆子转移到x+1位置，以此类推。每次操作，如果吃豆人发现x位置上已经没豆子了，输出0，否则输出吃到的豆子数。
312,复读机就是可以把声音存储下来并且重复播放的一种机器。现在有一个复读机，它可以把你的输入保留信息输出。但是，这个复读机有一个毛病，它在某些时刻会重复当前的语句不止一遍，而在正常时刻只会复读一遍，现在请你输出复读后的语句。
313,假设现在你要判断数据类型是否为int、long long、double，输入n个字符串，请你判断其代表的数据类型是什么，且输入的每个字符串保证是正数，且是这三种类型的一种。
314,"给定n个可选的木棍长度，问是否能够选出3个构成三角形。注意，你需要实现一个函数ok，来判断传入的三个边长能否构成三角形。函数接口定义：int isTriangle( int x, int y, int z);传入三个边长参数x，y，z，是三角形返回1，否则0。"
315,双阶乘是一个数学概念，用n!!表示。正整数的双阶乘表示不超过这个正整数且与它有相同奇偶性的所有正整数乘积。本题要求实现双阶乘函数fac(x)。函数接口定义：long long fac( int x );其中x是用户传入的整型参数，返回双阶乘。
316,给定两个长度为n的全排列a，b（全排列即长度为n的数组，且数组中的元素各不相同），对于第一个全排列的每个数a[i]，输出其在第二个全排列b中出现的位置。
317,"歌唱比赛有n个裁判(n>=3)，每个裁判会给当前这位歌手打分为[1,10]之间的一个整数，最终这个选手的得分为：去掉一个最高分和一个最低分之后的平均分。现在已知小华同学的最终得分p，但是n个裁判给的得分中恰好有一个丢失了，即小华只知道n-1个裁判给出的得分，现在请你帮小华判断他的最终得分是否是对的（即是否存在第n个裁判给出某个分数q满足小华的最终得分为p）？"
318,矩阵的幂A^k = A * A * ... * A，其中两个矩阵A、B​的乘积会产生一个新矩阵C，且$C_{ij} = \sum_{k=1}^{m}A_{ik}*B_{kj}$​，其中矩阵A是一个n * m的数组，矩阵B的大小是一个m * t的数组。现在给定一个方阵A和一个整数k，求A^k。
327,"本题要求实现一个函数，统计给定区间内的三位数中有两位数字相同的完全平方数（如144、676）的个数。函数接口定义：int search( int n );其中传入的参数int n是一个三位数的正整数（最高位数字非0）。函数search返回[101, n]区间内所有满足条件的数的个数。"
328,本题要求实现一个计算非负整数阶乘的简单函数，并利用该函数求1!+2!+3!+...+n!的值。函数接口定义：double fact( int n );double factsum( int n );函数fact应返回n的阶乘，建议用递归实现。函数factsum应返回1!+2!+...+n!的值。题目保证输入输出在双精度范围内。
329,"本题要求实现一个计算x^​n​​（n≥1）的函数。函数接口定义：double calc_pow( double x, int n );函数calc_pow应返回x的n次幂的值。建议用递归实现。题目保证结果在双精度范围内。"
330,"本题要求实现一个函数，计算下列简单交错幂级数的部分和：f(x,n)=x−x^​2​​+x^​3​​−x^​4​​+⋯+(−1)^(n−1)*​​x^​n​​函数接口定义：double fn( double x, int n );其中题目保证传入的n是正整数，并且输入输出都在双精度范围内。函数fn应返回上述级数的部分和。建议尝试用递归实现。"
331,"本题要求实现Ackermenn函数的计算，其函数定义如下：函数接口定义：int Ack( int m, int n );其中m和n是用户传入的非负整数。函数Ack返回Ackermenn函数的相应值。题目保证输入输出都在长整型"
332,本题要求实现求Fabonacci数列项的函数。Fabonacci数列的定义如下：f(n)=f(n−2)+f(n−1) (n≥2)，其中f(0)=0，f(1)=1。函数接口定义：int f( int n );函数f应返回第n个Fabonacci数。题目保证输入输出在长整型范围内。建议用递归实现。
333,本题要求实现一个函数，将自然数n转换为二进制后输出。函数接口定义：void dectobin( int n );函数dectobin应在一行中打印出二进制的n。建议用递归实现。
334,本题要求实现一个函数，对一个整数进行按位顺序输出。函数接口定义：void printdigits( int n );函数printdigits应将n的每一位数字从高位到低位顺序打印出来，每位数字占一行。
335,输入n（n<10）个整数，统计其中素数的个数。函数接口定义：int countPrime( int n );函数countPrime应返回输入前n个数中素数个数。
336,三角形面积为其中a、b、c分别是三角形的3条边。请分别定义计算s和area的宏，再使用函数实现。比较两者在形式上和使用上的区别。
338,编写程序，利用结构变量求解两个复数之积 。
339,"输入两个二维平面向量 Vl = ( x l , y l) 和 V2 = ( x2 , y2 ) 的分量，计算并输出两个向量的和向量。试编写相应程序"
340,给定n本书的名称和定价，本题要求编写程序，查找并输出其中定价最高和最低的书的名称和定价。
341,输入n个朋友的信息，包括姓名、生日、电话号码，本题要求编写程序，按照年龄从大到小的顺序依次输出通讯录。题目保证所有人的生日均不相同。
342,"输入n（n<20）个学生的学号、姓名和成绩， 输出学生的成绩等级和不及格人数。每个学生的记录包括学号、姓名、成绩和等级，要求定义和调用函数 set_grade(), 根据学生成绩设置其等级，并统计不及格人数，等级设置：85-100 为 A , 70-84 为 B , 60-69 为 C , 0-59 为 D。 试编写相应程序。"
359,凯撒加密，是一种古老的加密技术，是把条信息中的每个字母用字母表中固定距离（k）之后的那个字母代替。可先输入一个k，接着输入一个字符串（字符串全是小写的英文字母）。试着编写程序，将字符串中的字符进行K值凯撒加密。例如：k=2，字符 a 经过k值凯撒加密之后变为 c ，而字符 z 经过k值凯撒加密之后变为字符b。
360,给定两个数组，每个数组中的整数都是从小到大排列。设计一个方法，将两个数组合并到一起，并从大到小输出合并后的结果。试着编写程序实现。
361,输入字符串A，和输入字符串B，计算B和A 的相似情况，判断两个字符串是否相似，如果相似输出Yes否则输出No
362,输入一个字符串语句查看语句中的单词出现的次数，并按照出现的次数对单词从小到大排序
363,"输入两个二维平面向量Vl = ( x1 , y1)和V2 = ( x2 , y2 )的分量，计算并输出两个向量的点积。试编写相应程序。"
364,小明看书有一个计划，他打算用n天的时间看完一本m页的书，并且小明看书时每一天看的页数都比前一天多（第一天可以看任意多页书），那么请你输出小明可能的所有看书的计划，输出按字典序排列（对于两种计划，先比较第一天看书页数，小的在前，如果相同，再比较第二天看书页数，以此类推，具体见样例）。
365,给定三维平面上的n个点，先按x轴从小到大排序，x轴相同的按y轴从小到大排序，x和y轴都相同的按z轴从小到大排序。
366,小王家在第一年养了一只兔子（1岁），已知兔子刚出生时是1岁，3岁及以上的兔子每年会生出一只新兔子，但是兔子在10岁的时候会死去。请问第n年小王家一共有多少只兔子？
371,给你一个数组，数组上的每个位置都有一定数量的豆子，现在吃豆人会进行若干次操作，每次操作给定一个坐标x，吃豆人会把位于坐标x上位置的豆子都吃掉，同时位于x位置右边的位置都会向左移动一格。具体来说，x+1位置上的豆子转移到x位置，x+2位置上的豆子转移到x+1位置，以此类推。每次操作，如果吃豆人发现x位置上已经没豆子了，输出0，否则输出吃到的豆子数。
372,"歌唱比赛有n个裁判(n>=3)，每个裁判会给当前这位歌手打分为[1,10]之间的一个整数，最终这个选手的得分为：去掉一个最高分和一个最低分之后的平均分。现在已知小华同学的最终得分p，但是n个裁判给的得分中恰好有一个丢失了，即小华只知道n-1个裁判给出的得分，现在请你帮小华判断他的最终得分是否是对的（即是否存在第n个裁判给出某个分数q满足小华的最终得分为p）？"
373,矩阵的幂A^k = A * A * ... * A，其中两个矩阵A、B​的乘积会产生一个新矩阵C，且$C_{ij} = \sum_{k=1}^{m}A_{ik}*B_{kj}$​，其中矩阵A是一个n * m的数组，矩阵B的大小是一个m * t的数组。现在给定一个方阵A和一个整数k，求A^k。
376,"定义数列$ f_{n+2} = f_{n+1} + f_{n} $，数列中任何一个元素都是正整数。从定义可以看出，不同的$ f_1,f_2 $会产生不同的数列。假设给定一个数字$ x(2 <= x <= 2^{32} ) $，给出这个数字出现在位置$ i(i >= 3，数列下标从1开始) $的数列个数。"
383,"输入月份，输出对应的英文名称。要求用指针数组表示 12个月的英文名称。例如，输入5,输出May。试编写相应程序。"
384,定义一个指针数组，将下表的星期信息组织起来，信息表中首字母大写，比如Monday，输入一个字符串，在表中查找，若存在，输出该字符串在表中的序号，否则输出 “wrong input!”，本题区分大小写。试编写相应程序
385,"输入n（n<lO)个字符串，输出其中最长字符串的有效长度（<100）。要求自定义函数 int  max_len( char *s[]  ,  int n ),用于计算有m个元素的指针数组s中最长的字符串的长度。试编写相应程序 。"
386,"输入两个字符串，输出连接后的字符串。要求自定义函数 char *strcat (char *str1,char *str2),将字符串str2复制到字符串str1的末端，并且返回字符串s的首地址。试编写相应程序。"
391,"本题要求实现一个函数，对给定的一个字符串和两个字符，打印出给定字符串中从与第一个字符匹配的位置开始到与第二个字符匹配的位置之间的所有字符。函数接口定义：char *match( char *s, char ch1, char ch2 );函数match应打印s中从ch1到ch2之间的所有字符，并且返回ch1的地址。"
392,"本题要求实现一个字符串查找的简单函数。函数接口定义：char *search( char *s, char *t );函数search在字符串s中查找子串t，返回子串t在s中的首地址。若未找到，则返回NULL。"
393,本题要求实现两个函数，分别将读入的数据存储为单链表、将链表中奇数值的结点重新组成一个新的链表。链表结点定义如下：struct ListNode {int data;ListNode *next;};函数接口定义：struct ListNode *readlist();struct ListNode *getodd( struct ListNode **L );函数readlist从标准输入读入一系列正整数，按照读入顺序建立单链表。当读到−1时表示输入结束，函数应返回指向单链表头结点的指针。函数getodd将单链表L中奇数值的结点分离出来，重新组成一个新的链表。返回指向新链表头结点的指针，同时将L中存储的地址改为删除了奇数值结点后的链表的头结点地址（所以要传入L的指针）。
394,"本题要求实现两个函数，分别将读入的数据存储为单链表、将链表中所有存储了某给定值的结点删除。链表结点定义如下：struct ListNode {int data;ListNode *next;};函数接口定义：struct ListNode *readlist();struct ListNode *deletem( struct ListNode *L, int m );函数readlist从标准输入读入一系列正整数，按照读入顺序建立单链表。当读到−1时表示输入结束，函数应返回指向单链表头结点的指针。函数deletem将单链表L中所有存储了m的结点删除。返回指向结果链表头结点的指针。"
399,输入学生人数n，然后构建一个结构体数组，结构体包含学号和学生成绩（都是int类型），然后输出成绩不及格（<60）的学生的学号。
400,"扫雷游戏是一款十分经典的单机小游戏。现在有个简易版扫雷游戏：在1行m列的雷区中有一些格子含有地雷（称之为地雷格），其他格子不含地雷（称之为非地雷格）。玩家翻开一个非地雷格时，该格将会出现一个数字——提示周围格子中有多少个是地雷格。游戏的目标是在不翻出任何地雷格的条件下，找出所有的非地雷格。现在给出1行m列的雷区中的地雷分布，要求计算出每个非地雷格周围的地雷格数。注：一个格子的周围格子包括其左、右两个方向上与之直接相邻的格子。注意：请使用函数接口void transMap(char* input,char* output) 完成题目，其中input是传入字符串，output是最后要输出的字符串"
401,"高中作文打分（满分为60分），为了避免作文打分的主观因素的影响，一般会请n个老师进行打分，从中去掉最高分和最低分，对保留的求和并平均。现在给定n个老师打分的情况，你需要求出最高分和最低分，并分别存到指针变量p和q中（int类型指针）；对剩下的分数求和平均保存到指针变量r（double类型指针）中。程序最后一行请输出如下代码：printf(""%d %d %.2f\n"",*p,*q,*r);"
408,"输入一个初始配置（矩阵大小限制为6*6, 0代表死, 1代表活），输出下一代"
409,向队列中插入若干个元素（循环队列最大容量为8），访问并移除队列中的所有元素
410,"实现一个循环链表,并解决约瑟夫问题."
411,Michael喜欢滑雪这并不奇怪，因为滑雪的确很刺激。可是为了获得速度，滑的区域必须向下倾斜，而且当你滑到坡底，你不得不再次走上坡或者等待升降机来载你。Michael想知道载一个区域中最长底滑坡。区域由一个二维数组给出。数组的每个数字代表点的高度。下面是一个例子:一个人可以从某个点滑向上下左右相邻四个点之一，当且仅当高度减小。一条可滑行的滑坡为24-17-16-1。当然25-24-23-...-3-2-1更长。事实上，这是最长的一条。要求用DFS实现
412,Michael喜欢滑雪这并不奇怪，因为滑雪的确很刺激。可是为了获得速度，滑的区域必须向下倾斜，而且当你滑到坡底，你不得不再次走上坡或者等待升降机来载你。Michael想知道载一个区域中最长底滑坡。区域由一个二维数组给出。数组的每个数字代表点的高度。下面是一个例子:一个人可以从某个点滑向上下左右相邻四个点之一，当且仅当高度减小。一条可滑行的滑坡为24-17-16-1。当然25-24-23-...-3-2-1更长。事实上，这是最长的一条。要求用BFS实现
413,"1、用数组(大小限定为30)实现一个链表类，基于链表类派生一个有序链表类(重写插入和替换函数)。2、自定义一个数据结构Record作为有序链表类的数据类型，重载操作符>, <, ==。"
414,基于problem 1实现的有序链表，实现二分查找
415,用低位优先基数排序对下列字符串进行排序。
416,对下列数字进行归并排序
420,对下列数字进行快速排序。
422,"给一个整数数组，找到两个数使得他们的和等于一个给定的数target。你需要实现的函数twoSum需要返回这两个数的下标, 并且第一个下标小于第二个下标。注意这里下标的范围是 1 到 n，不是以 0 开头。数组是给定的，允许对数组建索引，每次的问题输入是target。要求：需使用C++类与对象的方法实现哈希表的定义，哈希函数及冲突处理方法可自定义。"
423,"给一个整数数组，找到两个数使得他们的和等于一个给定的数target。你需要实现的函数twoSum需要返回这两个数的下标, 并且第一个下标小于第二个下标。注意这里下标的范围是 1 到 n，不是以 0 开头。数组是给定的，允许对数组建索引，每次的问题输入是target。要求：需使用标准模板库STL类函数实现HashMap。"
424,给定一个长度为n的整数序列，要求对序列中的正数按升序排列，负数按降序排列，并且排完序后，原来是正数的位置上的数还是正数，原来是负数的位置上的数还是负数，0所在位置的数还是0。***注意：本题禁止使用sort库函数***
425,幼儿园老师有n个苹果，现在需要摆盘。老师需要把这n个苹果放到尽可能多的盘子里，但是有限制条件：每个果盘至少放一个苹果，从第三个及以后的果盘中的苹果数量至少是它前面两个果盘中的苹果数量之和。请问这n个苹果最多能放几个果盘呢？***注意：本题必须使用递归***
426,n个人围成一个圆环，编号为1，2，3，4…到n， 现在从指定的一名同学编号为s的同学开始，从s依次开始报数，s报1，s的后一位同学报2，依次类推，一直报到m。每个报到m的同学将退出圆环。然后从报到m的下一位同学继续开始从1到m报数。一直这样执行，求最后一名留在圆环中的人的编号。
427,"现在有n个城镇，编号为1, 2, 3, 4…n。他们之间有m条互通的道路，每条道路有相应的长度，现在基于这些道路，选择其中的一部分，在其上铺设水管，水管长度等于道路长度。要求使得任意两个城市之间都能通水，即任何城市之间可以通过水管连接。求使得所有城市连接的水管最短长度。"
428,Jack喜欢登山，登的区域必须向上倾斜，而且当爬到坡顶，不得不再次从另一个坡底出发。Jack想知道在一个区域中最长的爬坡。区域由一个m*n的二维数组给出。数组的每个数字代表点的高度。下面是一个例子，Jack可以从某个点爬向上下左右相邻四个点之一，当且仅当高度增加。在上面的例子中，一条可行的坡道为1-2-17-23。当然1-2-3-4-5-6…-20-21-22-23这条更长。事实上，这是最长的一条。请写出相应的代码，求出这条最长坡道的长度，即坡道包含的点的数量。1    2    3  4  516 17 18 19 615 23 23 20 714 22 22 21 813 12 11 10 9
429,n个人排成一排（用链表实现）。给定一份名单，该名单中共有m个人（是n个人的子集）。现要将名单中的人进行分组，分组规则是连续排在一起的人为一组。求名单中的人一共能分成多少组？
430,给定一个平衡括号字符串S，按下述规则计算该字符串的分数：()得1分。AB得A + B分，其中A和B是平衡括号字符串。例如“()()”得1+1=2分。(A)得2 * A分，其中A是平衡括号字符串，例如“(())”得2*1=2分。提示：可用栈实现，括号在栈中可用0代替，遇到左括号进栈，遇到右括号出栈后算分，算出局部分数后，可以将该分数重新压入栈中。
431,将两个有序的存有大写字母的链表进行合并，保证合并后的链表依然有序并去重，仅保留不重复的字母结点。
432,"1、给出后序遍历序列###ca##ji####spom(#代表空指针), 构建二叉树。2、上述二叉树实际是一颗二叉排序树，请实现程序（1）查找c节点，输出从树根到c节点的路径。（2）删除其中的m节点，使得删除后仍为二叉排序树，并输出其中序遍历序列。"
433,"给出n个坐标点<x1,y1>, <x2, y2>…..<xn, yn>，请对他们进行堆排序。坐标点的大小关系是：如果 xi> xj, 则 <xi,yi>  大于 <xj, yj>；若 xi=xj 且 yi >yj, 那么同样有<xi,yi>  大于 <xj, yj>。请使用堆排序完成，建议使用C++的面向对象的程序设计。"
434,"有一堆二维坐标点<x1,y1>, <x2, y2>…..<xn, yn>。假定坐标点是一个一个来的，请利用堆，能时刻报告数据中的最小的k项。比如k=1,  有4个坐标数据 <2,2>, <1,1>, <3,3>, <0,0> 依次到来。那么当来第一个<2,2>时， top-1的值是<2,2>, 再来一个数据<1,1>,这时top-1的值变为了 <1,1>, 再来一个<3,3>数据，top-1还是<1,1>, 第四个数据<0,0>到了后，top-1 就变为了 <0,0>。"
435,输入一个字符串（不包含空格），统计其中非数字字符的个数。
436,给定一个长度为n的整数序列，要求使用快速排序进行升序排序。***注意：本题禁止使用sort库函数，且其他排序方法不得分***
437,给定一个长度为n的链表（链表节点包含一个整型值）。同时给定大小为m的列表G，该列表是上述链表中整型值的一个子集。请返回列表G中组件的个数，这里对组件的定义为：链表中一段最长连续节点的值（该值必须在列表G中）构成的集合。注：该题中提到的链表必须用链表实现，不得使用STL类，否则不得分。
438,给定一个无向图G，其中包含n个顶点（编号为1-n）和m条边，求图中连通分量的个数。连通分量的定义为：一个无向图的极大连通子图称为该图的连通分量。连通图的极大连通子图只有1个，就是其自身。非连通图可以拆为数个极大，也称连通分量，每个分量显然都是连通图。
440,输入一个带权连通图，输出最小生成树
441,给定一棵二叉树，计算树中所有右叶子之和。注：题中给定的二叉树需要自己根据测试案例中的层序遍历序列构建。
442,"给定一棵二叉树，树中的每个结点的值要么是0，要么是1。移除树中所有不包含1的子树（子树节点全为0）。子树的定义：对于树中的任意一个节点node,以node为根，node的后代构成的二叉树称之为子树。注：题中给定的二叉树需要自己根据测试案例中的层序遍历序列构建。"
443,给定一个无向图G，其中包含n个顶点（编号为1-n）和m条边，求图中连通分量的个数。连通分量的定义为：一个无向图的极大连通子图称为该图的连通分量。连通图的极大连通子图只有1个，就是其自身。非连通图可以拆为数个极大，也称连通分量，每个分量显然都是连通图。
444,给定一个长度为n的正整数序列a，其中有一些值是未知的（用0表示），要求将这些未知的数用正整数填上，且最终的正整数序列是非递减序列，并且字典序是最小的。（字典序比较的定义是：对于两个不完全相同的序列a和b，假设存在一个正整数k，使得a[k] < b[k]，并且对于任意i < k，都满足a[i]=b[i]，则字典序a < b）。
445,老师给你出了一道题：初始你手上有一个值为0的数，现在你需要经过n次运算，每次运算有两种选择，你需要选择其中的一种并和你手上的数进行运算，n次运算后输出最大的结果（运算按照从前往后的顺序，不需要考虑优先级）。这自然难不倒会编程的你，所以解决它吧。
446,"王总忘记了自己保险箱的密码，想找你帮忙破解。根据王老板的提示，密码是从0-9中选取的前n个数字从小到大进行排列组合，得到的第m个数字组合就是密码。例如：n=3, 则进行排列组合的前三个数字就是0，1，2，王总记录提示的m是5。则根据 这三个数字的所有排列组合：012，021，102，120，201，210，王总的保险箱的密码为201。"
447,"给定一个长度为n的非负整数数组和一个整数 m，将这个数组分成 m 个非空的连续子数组，每个子数组内所有数据的和被称为该子数组的分数。对于任意一种分割方案，其对应的所有子数组分数的最大值，记为该次分割方案的分数。请问所有分割方案的分数的最小值是多少？解释：假设数组为[7, 2, 5, 10, 8], m=2。给定一种分割方案为[7,2], [5,10,8]。那两个子数组的分数分别为为9和23，该分割方案的分数为23（两个子数组分数的最大值）."
448,"给定一棵二叉树，树中的每个结点的值要么是0，要么是1。移除树中所有不包含1的子树（子树节点全是0）。子树的定义：对于树中的任意一个节点node,以node为根，node的后代构成的二叉树称之为子树。注：题中给定的二叉树需要自己根据测试案例中的层序遍历序列构建。"
449,给定一个无向图G，当这个图为二分图时返回true。二分图的定义为：如果我们能将一个图的节点集合分割成两个独立的子集A和B，使得图中的每一条边的两个节点一个来自A集合，一个来自B集合，我们就将这个图称为二分图。G将会以邻接表的方式给出，G[i]表示图中与节点i相连的所有节点。每个节点都是一个在0到G.length-1之间的整数。图中没有自环和平行边：G[i]中不存在i，并且G[i]中没有重复的值。
450,给定一个矩阵A，m行n列，返回A的转置矩阵。矩阵的转置是指将矩阵的主对角线翻转，交换矩阵的行索引与列索引。
451,"给定一串字符，使用特定的方法将其压缩成新的字符串，压缩后的长度必须始终小于或等于原数组长度。具体方法为：计算字符连续出现的次数，若次数为1保持不变;若次数>1,则进行压缩。"
452,输入一串由小到大排列的int类型的数字以-1结束输入，将读取的数组构造成一个链表，删除所有重复的元素，使得每个元素只出现一次，最后输出新的链表。
453,"本题要求实现一个在给定数组中找出由三个数组成的最大乘积的简单函数。函数接口定义：int canThreePartsEqualSum ( int *A, int n); 其中A 为给出的整型数组，n为数组长度请实现函数接口，并在主函数中调用它。"
454,一只兔子一次可以跳上1级台阶，也可以跳上2级台阶。求该兔子跳上一个 n级的台阶总共有多少种跳法。请采用递归的思想来解此题。
455,给你一个数组A，只有可以将其划分为三个和相等的非空部分时才返回true，否则返回false。
456,输入两个时刻（24小时制），要求定义一个时间结构体类型（时和分），并计算两个时刻之间的时间差
457,大数通常指超过int或long表示范围的整数数值，通常以字符串数组的形式保存，此题给出1个大数和1个小数，要求计算两数之积并输出。
458,给定一个矩阵A，求矩阵 A 每一列的平均值和每一行的最大值，并依次输出。
459,将打乱的字符，按照指定的顺序排序。
460,"给定两个正整数a,b, 以表示一个范围 包括a,b。 输出该范围内素数的个数。（函数，mid）要求：写出一个 判断当前数是否为素数的函数，并在主函数中调用。函数名为isPrime , 返回布尔值。"
461,C语言考试成绩信息的每条记录包含，考试学号，考试姓名，考试成绩(0~100)。请根据所有考试信息，构造考试记录结构体。同时找出成绩最高的同学（们）的姓名 以及成绩最低同学（们）的学号。
462,构造一个链表，在指定位置插入节点(实现链表的插入操作），最后遍历链表，要求从头到尾输出遍历链表信息。
463,用2*1的小矩形横着或者竖着去覆盖更大的矩形。请问用n个2*1的小矩形无重叠地覆盖一个2*n的大矩形，总共有多少种方法？要求用递归的方法解决此问题。
464,登入网站是一般需要输入密码。现在写一个自动检查用户密码的程序。具体要求如下：密码不少于6个字符组成，且不能超过30个字符。密码只能有英文字母、数字和小数点 `.`，还必须既有字母也有数字。- 如果密码合法，输出 yes- 如果密法太长，不论合法与否，都输出 too long- 如果密码太短，不论合法与否，都输出 too short- 如果密码长度合法，但存在不合法字符，则输出 illegal char- 如果密码长度合法，但只有字母没有数字，则输出 need num- 如果密码长度合法，但只有数字没有字母，则输出 need char每次只输出一种提醒，提醒种类优先级由上到下依次递减。
465,实现分数减法。分数分为，整数部分和纯分数部分。
471,实现重量盎司和克的相互转换。为简便计算，规定 1盎司 = 28.35 克。
473,"给定两个大于0的整数，m和n，求m和n之间的所有非素数之和（范围包括m,n）"
474,"输入一行字符串（少于100个字符），包含空格和特殊符号等。 统计并输出其中大写辅音字母的个数。大写辅音字母是指除'A' , 'E' , 'I' , ' O ' ,  ' U '以外的大写字母。试编写相应程序。"
475,输入一个字符串（少于 80 个字符），包含空格和特殊符号等。将其中的大写字母用下面列出的对应大写字母替换， 其余字符不变， 输出替 换后的字符串。试编写相应程序。原字母对应字母A ——> ZB ——> YC ——> XD ——> W...X ——> CY ——> BZ ——> A
476,"输入一个以字符 """" #"""" 结束的字符串， 滤去所有的非十六进 制字符 （不分大小写）， 组成一个 新的表示十六进 制数字的 字符 串， 然后 将其转换为十进制 数后输出 。如果过滤后字符串的首字符为 ＂-＂， 代表该 数是负数。试编写相应程序。"
517,"输入两个二维平面向量Vl = ( x1 , y1)和V2 = ( x2 , y2 )的分量。试编写相应程序判断两个向量的方向关系。"
547,扫雷游戏是一款十分经典的单机小游戏。现在有个简易版扫雷游戏：在1行m列的雷区中有一些格子含有地雷（称之为地雷格），其他格子不含地雷（称之为非地雷格）。玩家翻开一个非地雷格时，该格将会出现一个数字——提示周围格子中有多少个是地雷格。游戏的目标是在不翻出任何地雷格的条件下，找出所有的非地雷格。现在给出1行m列的雷区中的地雷分布，要求计算出每个非地雷格周围的地雷格数。注：一个格子的周围格子包括其左、右两个方向上与之直接相邻的格子。
548,高中作文打分（满分为60分），为了避免作文打分的主观因素的影响，一般会请n个老师进行打分，从中去掉最高分和最低分，对保留的求和并平均。现在给定n个老师打分的情况，你需要求出最高分和最低分，并分别存到指针变量p和q中（int类型指针）；对剩下的分数求和平均保存到指针变量r（double类型指针）中。最后以间接访问的形式输出最高分，最低分和平均分
549,给出n个元素，必须使用递归的方法求出元素中的最大值
554,登入网站是一般需要输入密码。现在写一个自动检查用户密码的程序。具体要求如下：密码不少于6个字符组成，且不能超过30个字符。密码只能有英文字母、数字和小数点 `.`，还必须既有字母也有数字。- 如果密码合法，输出 yes- 如果密法太长，不论合法与否，都输出 too long- 如果密码太短，不论合法与否，都输出 too short- 如果密码长度合法，但存在不合法字符，则输出 illegal char- 如果密码长度合法，但只有字母没有数字，则输出 need num- 如果密码长度合法，但只有数字没有字母，则输出 need char每次只输出一种提醒，提醒种类优先级由上到下依次递减。
555,给定N 位（0<= N <= 100) 数字 num。可以将数字num看成是一个长度位N的字符串，从左至右观察数字num，查找到第一个长度为L（1<= L <= 5) 的连续“子串”，且该“子串” 为素数。输出这个素数。（关键词：第一个、长度为L（即L位数）、素数）
571,•向队列中插入若干个元素（循环队列最大容量为8），访问并移除队列中的所有元素。（当插入元素大于队列最大容量时输出This queue is overflow!）
572,用队列实现下面功能，给定一个数组 nums 和滑动窗口的大小 k，请找出所有滑动窗口里的最大值。
573,"约瑟夫问题：n个人围成一个圆圈，首先第1个人从1开始顺时针报数，报到第m个人，令其出列。然后再从下一个人开始，从1顺时针报数，报到第m个人，再令其出列，…，如此下去,直到圆圈中只剩一个人为止。此人即为优胜者。"
574,给定整数序列a1，a2，.....，an，判断是否可以从中选出若干数，使他们的和恰好为k。
578,使用高位基数排序对单词按照字典序排序。
579,对下列数字按照大小进行归并排序
581,"有一个正整数数组，数组长度为n且小于等于10(数组下标从0开始)。现给一个正整数K，请在数组中所有元素中找一个子集，子集中元素之和为K。输出所有子集中，数组下标最大的元素的值。比如 数组为[5,4,2,3,10]，K=9，则可能子集为[5,4], [4,2, 3]由于[4,2,3]中3的下标更大（为3，[5,4]中4的下标为1），因此输出3。如果不存在这样的子集，输出-1。注意数组下标从0开始。"
582,"给定一个由0和1组成的矩阵。现在有一个棋子从左上角的位置走到右下角的位置，规定每次只能前后左右移动，且移动的规则每次只能从0移动到1或者从1移动到0，即不允许从0到0,1到1。求矩阵中是否存在着这样的路径。 比如下图中不存在。（右下角4个1无法移动）"
585,"我们有一个由平面上的点组成的列表points。需要从中找出第K个距离原点(0, 0)最近的点。假设答案唯一。规定不准用STL。 用STL实现排序功能一律不得分。"
586,将两个升序链表合并为一个新的升序链表并返回。新链表是通过拼接给定的两个链表的所有节点组成的。规定不准用STL，必须用链表实现功能。用STL实现链表功能一律不得分。
587,"1. 给出后序遍历序列,构建二叉树。上述二叉树实际是一颗二叉排序树，请实现程序2. 查找c节点，输出从树根到c节点的路径。3. 删除其中的m节点，使得删除后仍为二叉排序树。"
589,"有一堆二维坐标点<x1,y1>, <x2, y2>…..<xn, yn>。假定坐标点是一个一个来的，请利用堆，能时刻报告数据中的最小的k项。比如k=1,  有4个坐标数据 <2,2>, <1,1>, <3,3>, <0,0> 依次到来。那么当来第一个<2,2>时， top-1的值是<2,2>, 再来一个数据<1,1>,这时top-1的值变为了 <1,1>, 再来一个<3,3>数据，top-1还是<1,1>, 第四个数据<0,0>到了后，top-1 就变为了 <0,0>。"
591,存在一个无向图 ，图中有n 个节点。其中每个节点都有一个介于0到n - 1之间的唯一编号。给你一个二维数组graph，其中graph[u]是一个节点数组，由节点u的邻接节点组成。形式上，对于graph[u]中的每个v，都存在一条位于节点u和节点v之间的无向边。该无向图同时具有以下属性：n不存在自环（graph[u]不包含u）。n不存在平行边（graph[u]不包含重复值）。n如果v在graph[u]内，那么u也应该在graph[v]内（该图是无向图）。n这个图可能不是连通图，也就是说两个节点u和v之间可能不存在一条连通彼此的路径。写程序判断该图是否为二分图。定义：如果能将一个图的节点集合分割成两个独立的子集A和B，并使图中的每一条边的两个节点一个来自A集合，一个来自B集合，就将这个图称为二分图 。提示，可以用两种颜色通过遍历对该图进行染色。 二分图的话相邻节点颜色一定不相同。
592,有一群人，打乒乓球比赛，两两捉对撕杀，每两个人之间最多打一场比赛。球赛的规则如下：如果A打败了B，B又打败了C，而A与C之间没有进行过比赛，那么就认定，A一定能打败C。如果A打败了B，B又打败了C，而且，C又打败了A，那么A、B、C三者都不可能成为冠军。根据这个规则，无需循环较量，或许就能确定冠军。你的任务就是面对一群比赛选手，在经过了若干场撕杀之后，确定是否已经实际上产生了冠军(冠军要求能够击败所有人)。
593,用邻接表存储图，利用该邻接表使用Kruskal算法生成最小生成树
599,输入一个正整数n，求e=1!+2!+3!+......+n!，要求定义调用函数fact(n)计算n!，函数类型是double。试编写相应的程序。
600,用户输入一个浮点数，格式化输出保留3位小数。
601,输入两个整数 a 和 b，顺序输出加、减和乘法运算的结果。
602,披萨的尺寸一般分6-15英寸几种，1英寸约等于2.54厘米，将英寸直径乘以2.54即可得出以厘米为单位的直径。例如6寸披萨，即为6乘以2.54，得出结果为15.24厘米。 然而披萨加工时并不是严格到毫米不差的，考虑到加工过程，真正的有效直径需要去掉小数点后面数字。例如6寸披萨的标准直径为15.24厘米，实际有效直径一般为15厘米。‪‬‪‬‪‬‪‬‪‬‮‬‪‬‭‬‪‬‪‬‪‬‪‬‪‬‮‬‪‬‫‬‪‬‪‬‪‬‪‬‪‬‮‬‫‬‫‬‪‬‪‬‪‬‪‬‪‬‮‬‪‬‫‬‪‬‪‬‪‬‪‬‪‬‮‬‪‬‮‬‪‬‪‬‪‬‪‬‪‬‮‬‫‬‫‬披萨店经常会对顾客说：您订购的某尺寸的披萨卖完了，是否可以更换为多个小尺寸的披萨。例如：您订购的9寸披萨卖完了，可以给您2个6寸的披萨吗？‪‬‪‬‪‬‪‬‪‬‮‬‪‬‭‬‪‬‪‬‪‬‪‬‪‬‮‬‪‬‫‬‪‬‪‬‪‬‪‬‪‬‮‬‫‬‫‬‪‬‪‬‪‬‪‬‪‬‮‬‪‬‫‬‪‬‪‬‪‬‪‬‪‬‮‬‪‬‮‬‪‬‪‬‪‬‪‬‪‬‮‬‫‬‫‬假设披萨厚度相同，价格与面积成正比，试问一个 m 英寸的大披萨至少要更换几个 n 英寸的小披萨，顾客才不吃亏？
603,输入的三角形的三条边a、b、c 的长度，计算并依次输出三角形的周长和面积，结果严格保留2位小数。测试用例的数据保证三角形三边数据可以构成三角形。三角形面积计算公式：$area=\sqrt{s(s-a)(s-b)(s-c)}$，其中$s=\frac{a+b+c}{2}$。
