question_id,description,knowledge_component_official
1,"请计算两个整数的和并输出结果。注意不要有不必要的输出，比如""请输入 a 和 b 的值: ""。","{string, big integer}"
10,"给定当前的时间，请用英文的读法将它读出来。时间用时h和分m表示，在英文的读法中，读一个时间的方法是：如果m为0，则将时读出来，然后加上“o'clock”，如3:00读作“three o'clock”。如果m不为0，则将时读出来，然后将分读出来，如5:30读作“five thirty”。时和分的读法使用的是英文数字的读法，其中0~20读作：0:zero, 1: one, 2:two, 3:three, 4:four, 5:five, 6:six, 7:seven, 8:eight, 9:nine, 10:ten, 11:eleven, 12:twelve, 13:thirteen, 14:fourteen, 15:fifteen, 16:sixteen, 17:seventeen, 18:eighteen, 19:nineteen, 20:twenty。30读作thirty，40读作forty，50读作fifty。对于大于20小于60的数字，首先读整十的数，然后再加上个位数。如31首先读30再加1的读法，读作“thirty one”。按上面的规则21:54读作“twenty one fifty four”，9:07读作“nine seven”，0:15读作“zero fifteen”。","{array, string}"
100,"有N行M列的地图，左上角坐标为（1,1），右下角坐标为（n,m），每个格子可以是空地或墙，空地可以走，问能否从（1,1）到达（n,m）",{search}
102,输入n个数，将它们从小到大排序输出,{sort}
104,"已知二叉树的先序遍历的字符串如abd##e#f##cg###,#代表空节点，求二叉树的中序和后序遍历",{tree}
105,已知先序遍历序列和中序遍历序列，求二叉树的后序遍历和层序遍历序列,{tree}
11,"求出区间[a,b]中所有整数的质因数分解。","{primenumber, number theory}"
12,输入两个整数a和b，输出这两个整数的和。a和b都不超过100位。算法描述由于a和b都比较大，所以不能直接使用语言中的标准数据类型来存储。对于这种问题，一般使用数组来处理。定义一个数组A，A[0]用于存储a的个位，A[1]用于存储a的十位，依此类推。同样可以用一个数组B来存储b。计算c = a + b的时候，首先将A[0]与B[0]相加，如果有进位产生，则把进位（即和的十位数）存入r，把和的个位数存入C[0]，即C[0]等于(A[0]+B[0])%10。然后计算A[1]与B[1]相加，这时还应将低位进上来的值r也加起来，即C[1]应该是A[1]、B[1]和r三个数的和．如果又有进位产生，则仍可将新的进位存入到r中，和的个位存到C[1]中。依此类推，即可求出C的所有位。最后将C输出即可。,"{array, big integer}"
128,输入某年某月某日，判断这几一天是这一年的第几天？,{if statement}
129,"给定两个数m和n，求m和n之间的素数个数（包括m,n）,试编写相应程序。","{number theory, loop statement}"
13,话说这个世界上有各种各样的兔子和乌龟，但是 研究发现，所有的兔子和乌龟都有一个共同的特点——喜欢赛跑。于是世界上各个角落都不断在发生着乌龟和兔子的比赛，小华对此很感兴趣，于是决定研究不同兔 子和乌龟的赛跑。他发现，兔子虽然跑比乌龟快，但它们有众所周知的毛病——骄傲且懒惰，于是在与乌龟的比赛中，一旦任一秒结束后兔子发现自己领先t米或以 上，它们就会停下来休息s秒。对于不同的兔子，t，s的数值是不同的，但是所有的乌龟却是一致——它们不到终点决不停止。然而有些比赛相当漫长，全程观看会耗费大量时间，而小华发现只要在每场比赛开始后记录下兔子和乌龟的数据——兔子的速度v1（表示每秒兔子能跑v1 米），乌龟的速度v2，以及兔子对应的t，s值，以及赛道的长度l——就能预测出比赛的结果。但是小华很懒，不想通过手工计算推测出比赛的结果，于是他找 到了你——华东师范大学某系的高材生——请求帮助，请你写一个程序，对于输入的一场比赛的数据v1，v2，t，s，l，预测该场比赛的结果。,{simulation}
130,本题要求编写程序，将给定n×n方阵中的每个元素循环向右移m个位置，即将第0、1、⋯、n−1列变换为第n−m、n−m+1、⋯、n−1、0、1、⋯、n−m−1列。,"{array, loop statement}"
132,给定一个n×n的方阵，本题要求计算该矩阵除副对角线、最后一列和最后一行以外的所有元素之和。副对角线为从矩阵的右上角至左下角的连线。,"{array, if statement, loop statement}"
136,按照规定，在高速公路上行使的机动车，达到或超出本车道限速的10%则处200元罚款；若达到或超出50%，就要吊销驾驶证。请编写程序根据车速和限速自动判别对该机动车的处理,"{string, branch}"
16,观察数字：12321，123321 都有一个共同的特征，无论从左到右读还是从右向左读，都是相同的。这样的数字叫做：回文数字。本题要求你找到一些5位或6位的十进制数字。满足如下要求：该数字的各个数位之和等于输入的整数。,"{enumeration, mathematics}"
17,输入一个正整数n，输出n!的值。其中n!=123…n。算法描述n!可能很大，而计算机能表示的整数范围有限，需要使用高精度计算的方法。使用一个数组A来表示一个大整数a，A[0]表示a的个位，A[1]表示a的十位，依次类推。将a乘以一个整数k变为将数组A的每一个元素都乘以k，请注意处理相应的进位。首先将a设为1，然后乘2，乘3，当乘到n时，即得到了n!的值。,"{array, mathematics, big integer}"
18,平面上有两个矩形，它们的边平行于直角坐标系的X轴或Y轴。对于每个矩形，我们给出它的一对相对顶点的坐标，请你编程算出两个矩形的交的面积。,{mathematics}
189,为提倡居民节约用电，某省电力公司执行“阶梯电价”，安装一户一表的居民用户电价分为两个“阶梯”：月用电量50千瓦时（含50千瓦时）以内的，电价为0.53元/千瓦时；超过50千瓦时的，超出部分的用电量电价上调0.05元/千瓦时。输入用户的月用电量（千瓦时），计算并输出改用户应支付的电费（元）。试着编写相应程序。,{if statement}
19,如下图所示，3 x 3 的格子中填写了一些整数。我们沿着图中的星号线剪开，得到两个部分，每个部分的数字和都是60。本题的要求就是请你编程判定：对给定的m x n 的格子中的整数，是否可以分割为两个部分，使得这两个区域的数字和相等。如果存在多种解答，请输出包含左上角格子的那个区域包含的格子的最小数目。如果无法分割，则输出 0。,{depth-first search}
193,输入一个正整数n，求e=1!+2!+3!+……+n!，要求定义调用函数fact(n) 计算n!，函数类型是double。是编写想用的程序。,{loop statement}
20,给定一个N阶矩阵A，输出A的M次幂（M是非负整数）例如：A =1 23 4A的2次幂7 1015 22,"{matrix, mathematics, binary exponentiation, loop statement}"
203,某城市普通出租车收费标准如下：起步里程为3公里，起步费10元，超出起步时:  3公里以上10公里以内的部分(包含十公里)，每公里2元；超过10公里以上的部分加收50%的空驶补贴费，即每公里3元；运营过程中，因路阻及乘客要求临时停车的，每5分钟2元计收(不足五分钟则不收费）。运价计费位数四舍五入，保留到元。编写程序，输入行驶路程（公里）与等待时间（分钟），计算并输出乘客应支付费用（元）。,{if statement}
204,输入一个正整数n，再输入n个学生的成绩，统计五分制成绩的成绩分布。百分制成绩到五分制成绩的转换规则：大于或等于90分为A，小于90且大于或等于80分为B，小于80分且大于或等于70分为C，小于70分且大于或等于60为D，小于60分为E。试着编写相应程序。,{if statement}
206,输入一批正整数（以零或负数为结束标志），求其中的奇数和。试编写相应程序。,"{if statement, loop statement}"
208,输入一个整数n，输出2/1+3/2+5/3+8/5+……的前n项之和，保留2位小数，该序列从第二项起，每一项的分子是前一项分子与分母的和，分母是前一项的分子。试编写相应的程序。,{loop statement}
21,给定一个以秒为单位的时间t，要求用 “::”的格式来表示这个时间。表示时间，表示分钟， 而表示秒，它们都是整数且没有前导的“0”。例如，若t=0，则应输出是“0:0:0”；若t=3661，则输出“1:1:1”。,{mathematics}
210,将一笔零钱（大于8分，小于1元，精确到分），换成5分、2分和1分的硬币，每种硬币至少有一枚。输入金额，问有几种换法，输出有多少种换法。试编写相应程序。,"{brute force, loop statement}"
211,输入一个正整数n（3<=n<=7），输出所有n位水仙花数。水仙花数是指一个n位正整数，它的各位数字是n次幂之和等于它本身，输出n位所有水仙花数数量。试编写相应程序。例如：153各位数字的立方和是1^3+5^3+3^3=153。,{loop statement}
212,"输入两个正整数m和n（m<=1000,n<=1000），求其最大公约数和最小公倍数，试编写相应程序。","{number theory, recursion}"
213,皮球从height（米）高度自由落下，触地后反弹到原高度的一半再落下，再反弹…… 如此反复。问皮球在n次反弹的高度是多少？输出保留2位小数，试编写相应程序。,{loop statement}
214,输入一个正整数n（n为奇数），打印一个高度为n的“*”菱形图案。试编写相应程序。,{loop statement}
215,一只猴子第一天摘下若干个桃子，当即吃了一半，还不过瘾，多吃了一个；第二天早上又将剩下桃子吃掉一半，又多吃了一个。以后每天早上都是了前一天剩下的一半加一个。到第n天早上想再吃时就只剩下一个桃子了。问：第一天一共摘了多少个桃子？试编写相应程序（提示：采取逆向思维的方法，从后往前判断）,{iteration}
216,一对兔子，从出生后第三个月起每个月都生一对兔子。小兔子长到第3个月后每个月又生一对兔子。假如兔子都不死，请问第一个月出生的一对兔子，至少需要繁衍到第几个月时兔子总数才可以达到n对？输入一个不超过10000的正整数n，输出兔子总数达到n最少需要的月数。试编写相应程序。,"{number theory, loop statement}"
22,小明先把硬币摆成了一个 n 行 m 列的矩阵。随后，小明对每一个硬币分别进行一次 Q 操作。对第x行第y列的硬币进行 Q 操作的定义：将所有第 ix 行，第 jy 列的硬币进行翻转。其中i和j为任意使操作可行的正整数，行号和列号都是从1开始。当小明对所有硬币都进行了一次 Q 操作后，他发现了一个奇迹——所有硬币均为正面朝上。小明想知道最开始有多少枚硬币是反面朝上的。于是，他向他的好朋友小M寻求帮助。聪明的小M告诉小明，只需要对所有硬币再进行一次Q操作，即可恢复到最开始的状态。然而小明很懒，不愿意照做。于是小明希望你给出他更好的方法。帮他计算出答案。,"{string, mathematics}"
23,Tom教授正在给研究生讲授一门关于基因的课程，有一件事情让他颇为头疼：一条染色体上有成千上万个碱基对，它们从0开始编号，到几百万，几千万，甚至上亿。比如说，在对学生讲解第1234567009号位置上的碱基时，光看着数字是很难准确的念出来的。所以，他迫切地需要一个系统，然后当他输入12 3456 7009时，会给出相应的念法：十二亿三千四百五十六万七千零九用汉语拼音表示为shi er yi san qian si bai wu shi liu wan qi qian ling jiu这样他只需要照着念就可以了。你的任务是帮他设计这样一个系统：给定一个阿拉伯数字串，你帮他按照中文读写的规范转为汉语拼音字串，相邻的两个音节用一个空格符格开。注意必须严格按照规范，比如说“10010”读作“yi wan ling yi shi”而不是“yi wan ling shi”，“100000”读作“shi wan”而不是“yi shi wan”，“2000”读作“er qian”而不是“liang qian”。,"{array, string}"
24,观察这个数列：1 3 0 2 -1 1 -2 ...这个数列中后一项总是比前一项增加2或者减少3。栋栋对这种数列很好奇，他想知道长度为 n 和为 s 而且后一项总是比前一项增加a或者减少b的整数数列可能有多少种呢？,"{dynamic programming, 01 backpack}"
25,回文串，是一种特殊的字符串，它从左往右读和从右往左读是一样的。小龙龙认为回文串才是完美的。现在给你一个串，它不一定是回文的，请你计算最少的交换次数使得该串变成一个完美的回文串。交换的定义是：交换两个相邻的字符例如mamad第一次交换 ad : mamda第二次交换 md : madma第三次交换 ma : madam (回文！完美！),"{string, loop statement}"
259,给定一个n*m大小的矩阵，矩阵中每个值分别为0、1、2中的一个数。数的含义如下：0表示是一块空地；1表示炸弹，炸弹引爆时会将炸弹所在行、所在列都波及，炸弹引爆会产生连锁反应；2表示墙，会阻挡炸弹在该点及之后方向上的波及。每次引爆1个炸弹付出的代价为1，试求出使得矩阵中所有炸弹都被引爆所需要的最小代价。,"{search, graph, greedy}"
26,有n（2≤n≤20）块芯片，有好有坏，已知好芯片比坏芯片多。每个芯片都能用来测试其他芯片。用好芯片测试其他芯片时，能正确给出被测试芯片是好还是坏。而用坏芯片测试其他芯片时，会随机给出好或是坏的测试结果（即此结果与被测试芯片实际的好坏无关）。给出所有芯片的测试结果，问哪些芯片是好芯片。,{loop statement}
260,给定一个起始长度为n的单链表head->a[1]->a[2]->…->a[n]（head为空头节点），有一个p指针初始指向head。现在有Q次操作，每次操作为以下两种中的一种：1.如果p指针有下一个节点，则跳转到下一个节点；2.在p指针节点后插入一个值为val的节点。Q次操作后请输出当前的单链表。,"{linked list, array, simulation}"
27,给定两个仅由大写字母或小写字母组成的字符串(长度介于1到10之间)，它们之间的关系是以下4中情况之一：1：两个字符串长度不等。比如 Beijing 和 Hebei2：两个字符串不仅长度相等，而且相应位置上的字符完全一致(区分大小写)，比如 Beijing 和 Beijing3：两个字符串长度相等，相应位置上的字符仅在不区分大小写的前提下才能达到完全一致（也就是说，它并不满足情况2）。比如 beijing 和 BEIjing4：两个字符串长度相等，但是即使是不区分大小写也不能使这两个字符串一致。比如 Beijing 和 Nanjing编程判断输入的两个字符串之间的关系属于这四类中的哪一类，给出所属的类的编号。,{string}
270,"输入一个正整数n(1<n<=10),再输入n个整数，将他们从大到小排序后输出。试编写相应程序。","{sort, array, loop statement}"
28,兰顿蚂蚁，是于1986年，由克里斯·兰顿提出来的，属于细胞自动机的一种。平面上的正方形格子被填上黑色或白色。在其中一格正方形内有一只“蚂蚁”。蚂蚁的头部朝向为：上下左右其中一方。蚂蚁的移动规则十分简单：若蚂蚁在黑格，右转90度，将该格改为白格，并向前移一格；若蚂蚁在白格，左转90度，将该格改为黑格，并向前移一格。规则虽然简单，蚂蚁的行为却十分复杂。刚刚开始时留下的路线都会有接近对称，像是会重复，但不论起始状态如何，蚂蚁经过漫长的混乱活动后，会开辟出一条规则的“高速公路”。蚂蚁的路线是很难事先预测的。  　　你的任务是根据初始状态，用计算机模拟兰顿蚂蚁在第n步行走后所处的位置。,"{array, breadth-first search}"
282,输入一个正整数n（1<n<=1000），再输入n个整数，分析每个整数的每一位数字，求出现次数最多的数字。例如输入n个整数，分析每个整数的每一位数字，求出现次数最多的数字。例如输入3个整数1234、2345、3456，其中出现次数最多的数字是3和4，均出现了3次。试编写相应程序。,"{array, loop statement}"
283,"输入一个正整数n(1<=n<=6)和n阶方阵a中的元素，如果a是上三角矩阵，输出”YES”,否则输出“NO”。","{array, loop statement}"
284,"输入2个正整数m和n（1<=m<=6,1<=n<=6），然后输入矩阵a（m行n列）中的元素，分别求出各行元素之和，并输出。试编写相应程序。","{array, loop statement}"
285,输入1个整数n（1<=n<=6）和n阶方阵a中的元素，假设方阵a最多有1个鞍点，如果找到a的鞍点，就输出其下标，否则，输出“NO”。鞍点的元素值在该行上最大，该列上最小，试编写相应程序。,"{array, loop statement}"
29,"栋栋每天骑自行车回家需要经过一条狭长的林荫道。道路由于年久失修，变得非常不平整。虽然栋栋每次都很颠簸，但他仍把骑车经过林荫道当成一种乐趣。由于颠簸，栋栋骑车回家的路径是一条上下起伏的曲线，栋栋想知道，他回家的这条曲线的长度究竟是多长呢？更准确的，栋栋想知道从林荫道的起点到林荫道的终点，他的车前轮的轴（圆心）经过的路径的长度。栋栋对路面进行了测量。他把道路简化成一条条长短不等的直线段，这些直线段首尾相连，且位于同一平面内。并在该平面内建立了一个直角坐标系，把所有线段的端点坐标都计算好。假设栋栋的自行车在行进的过程中前轮一直是贴着路面前进的。上图给出了一个简单的路面的例子，其中蓝色实线为路面，红色虚线为车轮轴经过的路径。在这个例子中，栋栋的前轮轴从A点出发，水平走到B点，然后绕着 地面的F点到C点（绕出一个圆弧），再沿直线下坡到D点，最后水平走到E点，在这个图中地面的坐标依次为：(0, 0), (2, 0), (4, -1),(6, -1)，前轮半径为1.50，前轮轴前进的距离依次为：AB=2.0000；弧长BC=0.6955；CD=1.8820；DE=1.6459。总长度为6.2233。下图给出了一个较为复杂的路面的例子，在这个例子中，车轮在第一个下坡还没下完时（D点）就开始上坡了，之后在坡的顶点要从E绕一个较大的圆弧到F点。这个图中前轮的半径为1，每一段的长度依次为：AB=3.0000；弧长BC=0.9828；CD=1.1913；DE=2.6848；弧长EF=2.6224； FG=2.4415；GH=2.2792。总长度为15.2021。现在给出了车轮的半径和路面的描述，请求出车轮轴轨迹的总长度。","{array, mathematics}"
297,本题要求编写程序，读入5个字符串，按由小到大的顺序输出。,"{sort, string, array, loop statement}"
298,本题要求编写函数，判断给定的一串字符是否为“回文”。所谓“回文”是指顺读和倒读都一样的字符串。如“XYZYX”和“xyzzyx”都是回文。函数接口定义：bool palindrome( char *s );函数palindrome判断输入字符串char *s是否为回文。若是则返回true，否则返回false。,"{array, string, loop statement}"
299,本题要求实现一个函数，统计给定字符串中的大写字母、小写字母、空格、数字以及其它字符各有多少。函数接口定义：void StringCount( char *s );其中char *s是用户传入的字符串。函数StringCount须在一行内按照大写字母个数 小写字母个数 空格个数 数字个数 其它字符个数 (注： 换行符也算字符）的格式输出。,"{array, string, loop statement}"
311,给你一个数组，数组上的每个位置都有一定数量的豆子，现在吃豆人会进行若干次操作，每次操作给定一个坐标x，吃豆人会把位于坐标x上位置的豆子都吃掉，同时位于x位置右边的位置都会向左移动一格。具体来说，x+1位置上的豆子转移到x位置，x+2位置上的豆子转移到x+1位置，以此类推。每次操作，如果吃豆人发现x位置上已经没豆子了，输出0，否则输出吃到的豆子数。,"{array, loop statement}"
312,复读机就是可以把声音存储下来并且重复播放的一种机器。现在有一个复读机，它可以把你的输入保留信息输出。但是，这个复读机有一个毛病，它在某些时刻会重复当前的语句不止一遍，而在正常时刻只会复读一遍，现在请你输出复读后的语句。,"{array, loop statement}"
316,给定两个长度为n的全排列a，b（全排列即长度为n的数组，且数组中的元素各不相同），对于第一个全排列的每个数a[i]，输出其在第二个全排列b中出现的位置。,"{array, loop statement}"
317,"歌唱比赛有n个裁判(n>=3)，每个裁判会给当前这位歌手打分为[1,10]之间的一个整数，最终这个选手的得分为：去掉一个最高分和一个最低分之后的平均分。现在已知小华同学的最终得分p，但是n个裁判给的得分中恰好有一个丢失了，即小华只知道n-1个裁判给出的得分，现在请你帮小华判断他的最终得分是否是对的（即是否存在第n个裁判给出某个分数q满足小华的最终得分为p）？","{array, loop statement}"
328,本题要求实现一个计算非负整数阶乘的简单函数，并利用该函数求1!+2!+3!+...+n!的值。函数接口定义：double fact( int n );double factsum( int n );函数fact应返回n的阶乘，建议用递归实现。函数factsum应返回1!+2!+...+n!的值。题目保证输入输出在双精度范围内。,{recursion}
329,"本题要求实现一个计算x^​n​​（n≥1）的函数。函数接口定义：double calc_pow( double x, int n );函数calc_pow应返回x的n次幂的值。建议用递归实现。题目保证结果在双精度范围内。",{recursion}
33,某涉密单位下发了某种票据，并要在年终全部收回。每张票据有唯一的ID号。全年所有票据的ID号是连续的，但ID的开始数码是随机选定的。因为工作人员疏忽，在录入ID号的时候发生了一处错误，造成了某个ID断号，另外一个ID重号。你的任务是通过编程，找出断号的ID和重号的ID。假设断号不可能发生在最大和最小号。,"{sort, string}"
330,"本题要求实现一个函数，计算下列简单交错幂级数的部分和：f(x,n)=x−x^​2​​+x^​3​​−x^​4​​+⋯+(−1)^(n−1)*​​x^​n​​函数接口定义：double fn( double x, int n );其中题目保证传入的n是正整数，并且输入输出都在双精度范围内。函数fn应返回上述级数的部分和。建议尝试用递归实现。",{recursion}
331,"本题要求实现Ackermenn函数的计算，其函数定义如下：函数接口定义：int Ack( int m, int n );其中m和n是用户传入的非负整数。函数Ack返回Ackermenn函数的相应值。题目保证输入输出都在长整型",{recursion}
332,本题要求实现求Fabonacci数列项的函数。Fabonacci数列的定义如下：f(n)=f(n−2)+f(n−1) (n≥2)，其中f(0)=0，f(1)=1。函数接口定义：int f( int n );函数f应返回第n个Fabonacci数。题目保证输入输出在长整型范围内。建议用递归实现。,"{number theory, recursion}"
333,本题要求实现一个函数，将自然数n转换为二进制后输出。函数接口定义：void dectobin( int n );函数dectobin应在一行中打印出二进制的n。建议用递归实现。,"{number theory, recursion}"
334,本题要求实现一个函数，对一个整数进行按位顺序输出。函数接口定义：void printdigits( int n );函数printdigits应将n的每一位数字从高位到低位顺序打印出来，每位数字占一行。,"{number theory, recursion}"
335,输入n（n<10）个整数，统计其中素数的个数。函数接口定义：int countPrime( int n );函数countPrime应返回输入前n个数中素数个数。,"{number theory, recursion}"
338,编写程序，利用结构变量求解两个复数之积 。,{struct}
339,"输入两个二维平面向量 Vl = ( x l , y l) 和 V2 = ( x2 , y2 ) 的分量，计算并输出两个向量的和向量。试编写相应程序",{struct}
340,给定n本书的名称和定价，本题要求编写程序，查找并输出其中定价最高和最低的书的名称和定价。,"{string, struct}"
341,输入n个朋友的信息，包括姓名、生日、电话号码，本题要求编写程序，按照年龄从大到小的顺序依次输出通讯录。题目保证所有人的生日均不相同。,"{sort, struct}"
35,很久以前，T王国空前繁荣。为了更好地管理国家，王国修建了大量的快速路，用于连接首都和王国内的各大城市。为节省经费，T国的大臣们经过思考，制定了一套优秀的修建方案，使得任何一个大城市都能从首都直接或者通过其他大城市间接到达。同时，如果不重复经过大城市，从首都到达每个大城市的方案都是唯一的。J是T国重要大臣，他巡查于各大城市之间，体察民情。所以，从一个城市马不停蹄地到另一个城市成了J最常做的事情。他有一个钱袋，用于存放往来城市间的路费。聪明的J发现，如果不在某个城市停下来修整，在连续行进过程中，他所花的路费与他已走过的距离有关，在走第x千米到第x+1千米这一千米中（x是整数），他花费的路费是x+10这么多。也就是说走1千米花费11，走2千米要花费23。J大臣想知道：他从某一个城市出发，中间不休息，到达另一个城市，所有可能花费的路费中最多是多少呢？,{depth-first search}
359,凯撒加密，是一种古老的加密技术，是把条信息中的每个字母用字母表中固定距离（k）之后的那个字母代替。可先输入一个k，接着输入一个字符串（字符串全是小写的英文字母）。试着编写程序，将字符串中的字符进行K值凯撒加密。例如：k=2，字符 a 经过k值凯撒加密之后变为 c ，而字符 z 经过k值凯撒加密之后变为字符b。,"{string, pointer}"
360,给定两个数组，每个数组中的整数都是从小到大排列。设计一个方法，将两个数组合并到一起，并从大到小输出合并后的结果。试着编写程序实现。,"{sort, pointer}"
361,输入字符串A，和输入字符串B，计算B和A 的相似情况，判断两个字符串是否相似，如果相似输出Yes否则输出No,"{brute force, string, dynamic programming}"
362,输入一个字符串语句查看语句中的单词出现的次数，并按照出现的次数对单词从小到大排序,"{sort, string}"
365,给定三维平面上的n个点，先按x轴从小到大排序，x轴相同的按y轴从小到大排序，x和y轴都相同的按z轴从小到大排序。,"{sort, struct, array, loop statement}"
37,X 国王有一个地宫宝库。是 n x m 个格子的矩阵。每个格子放一件宝贝。每个宝贝贴着价值标签。地宫的入口在左上角，出口在右下角。小明被带到地宫的入口，国王要求他只能向右或向下行走。走过某个格子时，如果那个格子中的宝贝价值比小明手中任意宝贝价值都大，小明就可以拿起它（当然，也可以不拿）。当小明走到出口时，如果他手中的宝贝恰好是k件，则这些宝贝就可以送给小明。请你帮小明算一算，在给定的局面下，他有多少种不同的行动方案能获得这k件宝贝。,"{dynamic programming, depth-first search}"
371,给你一个数组，数组上的每个位置都有一定数量的豆子，现在吃豆人会进行若干次操作，每次操作给定一个坐标x，吃豆人会把位于坐标x上位置的豆子都吃掉，同时位于x位置右边的位置都会向左移动一格。具体来说，x+1位置上的豆子转移到x位置，x+2位置上的豆子转移到x+1位置，以此类推。每次操作，如果吃豆人发现x位置上已经没豆子了，输出0，否则输出吃到的豆子数。,"{array, loop statement}"
372,"歌唱比赛有n个裁判(n>=3)，每个裁判会给当前这位歌手打分为[1,10]之间的一个整数，最终这个选手的得分为：去掉一个最高分和一个最低分之后的平均分。现在已知小华同学的最终得分p，但是n个裁判给的得分中恰好有一个丢失了，即小华只知道n-1个裁判给出的得分，现在请你帮小华判断他的最终得分是否是对的（即是否存在第n个裁判给出某个分数q满足小华的最终得分为p）？",{array}
376,"定义数列$ f_{n+2} = f_{n+1} + f_{n} $，数列中任何一个元素都是正整数。从定义可以看出，不同的$ f_1,f_2 $会产生不同的数列。假设给定一个数字$ x(2 <= x <= 2^{32} ) $，给出这个数字出现在位置$ i(i >= 3，数列下标从1开始) $的数列个数。",{array}
383,"输入月份，输出对应的英文名称。要求用指针数组表示 12个月的英文名称。例如，输入5,输出May。试编写相应程序。",{pointer}
39,"斐波那契数列大家都非常熟悉。它的定义是：f(x) = 1 .... (x=1,2)f(x) = f(x-1) + f(x-2) .... (x>2)对于给定的整数 n 和 m，我们希望求出：f(1) + f(2) + ... + f(n) 的值。但这个值可能非常大，所以我们把它对 f(m) 取模。公式如下但这个数字依然很大，所以需要再对p 求模。","{matrix, binary exponentiation, iteration}"
399,输入学生人数n，然后构建一个结构体数组，结构体包含学号和学生成绩（都是int类型），然后输出成绩不及格（<60）的学生的学号。,"{array of structures, conditional statement}"
40,有n个小朋友围坐成一圈。老师给每个小朋友随机发偶数个糖果，然后进行下面的游戏：每个小朋友都把自己的糖果分一半给左手边的孩子。一轮分糖后，拥有奇数颗糖的孩子由老师补给1个糖果，从而变成偶数。反复进行这个游戏，直到所有小朋友的糖果数都相同为止。你的任务是预测在已知的初始糖果情形下，老师一共需要补发多少个糖果。,"{array, simulation, loop statement}"
401,"高中作文打分（满分为60分），为了避免作文打分的主观因素的影响，一般会请n个老师进行打分，从中去掉最高分和最低分，对保留的求和并平均。现在给定n个老师打分的情况，你需要求出最高分和最低分，并分别存到指针变量p和q中（int类型指针）；对剩下的分数求和平均保存到指针变量r（double类型指针）中。程序最后一行请输出如下代码：printf(""%d %d %.2f\n"",*p,*q,*r);",{pointer}
411,Michael喜欢滑雪这并不奇怪，因为滑雪的确很刺激。可是为了获得速度，滑的区域必须向下倾斜，而且当你滑到坡底，你不得不再次走上坡或者等待升降机来载你。Michael想知道载一个区域中最长底滑坡。区域由一个二维数组给出。数组的每个数字代表点的高度。下面是一个例子:一个人可以从某个点滑向上下左右相邻四个点之一，当且仅当高度减小。一条可滑行的滑坡为24-17-16-1。当然25-24-23-...-3-2-1更长。事实上，这是最长的一条。要求用DFS实现,"{depth-first search, recursion}"
412,Michael喜欢滑雪这并不奇怪，因为滑雪的确很刺激。可是为了获得速度，滑的区域必须向下倾斜，而且当你滑到坡底，你不得不再次走上坡或者等待升降机来载你。Michael想知道载一个区域中最长底滑坡。区域由一个二维数组给出。数组的每个数字代表点的高度。下面是一个例子:一个人可以从某个点滑向上下左右相邻四个点之一，当且仅当高度减小。一条可滑行的滑坡为24-17-16-1。当然25-24-23-...-3-2-1更长。事实上，这是最长的一条。要求用BFS实现,"{queue, breadth-first search}"
415,用低位优先基数排序对下列字符串进行排序。,"{sort, radix sort}"
416,对下列数字进行归并排序,{merge sort}
420,对下列数字进行快速排序。,{quick sort}
429,n个人排成一排（用链表实现）。给定一份名单，该名单中共有m个人（是n个人的子集）。现要将名单中的人进行分组，分组规则是连续排在一起的人为一组。求名单中的人一共能分成多少组？,{linked list}
43,"输入n, m, k，输出下面公式的值。其中C_n^m是组合数，表示在n个人的集合中选出m个人组成一个集合的方案数。组合数的计算公式如下。","{number theory, combinatorics, mathematics}"
430,给定一个平衡括号字符串S，按下述规则计算该字符串的分数：()得1分。AB得A + B分，其中A和B是平衡括号字符串。例如“()()”得1+1=2分。(A)得2 * A分，其中A是平衡括号字符串，例如“(())”得2*1=2分。提示：可用栈实现，括号在栈中可用0代替，遇到左括号进栈，遇到右括号出栈后算分，算出局部分数后，可以将该分数重新压入栈中。,{stack}
431,将两个有序的存有大写字母的链表进行合并，保证合并后的链表依然有序并去重，仅保留不重复的字母结点。,{linked list}
432,"1、给出后序遍历序列###ca##ji####spom(#代表空指针), 构建二叉树。2、上述二叉树实际是一颗二叉排序树，请实现程序（1）查找c节点，输出从树根到c节点的路径。（2）删除其中的m节点，使得删除后仍为二叉排序树，并输出其中序遍历序列。",{binary tree}
433,"给出n个坐标点<x1,y1>, <x2, y2>…..<xn, yn>，请对他们进行堆排序。坐标点的大小关系是：如果 xi> xj, 则 <xi,yi>  大于 <xj, yj>；若 xi=xj 且 yi >yj, 那么同样有<xi,yi>  大于 <xj, yj>。请使用堆排序完成，建议使用C++的面向对象的程序设计。",{heap sort}
434,"有一堆二维坐标点<x1,y1>, <x2, y2>…..<xn, yn>。假定坐标点是一个一个来的，请利用堆，能时刻报告数据中的最小的k项。比如k=1,  有4个坐标数据 <2,2>, <1,1>, <3,3>, <0,0> 依次到来。那么当来第一个<2,2>时， top-1的值是<2,2>, 再来一个数据<1,1>,这时top-1的值变为了 <1,1>, 再来一个<3,3>数据，top-1还是<1,1>, 第四个数据<0,0>到了后，top-1 就变为了 <0,0>。",{top-k}
435,输入一个字符串（不包含空格），统计其中非数字字符的个数。,{string}
436,给定一个长度为n的整数序列，要求使用快速排序进行升序排序。***注意：本题禁止使用sort库函数，且其他排序方法不得分***,{sort}
437,给定一个长度为n的链表（链表节点包含一个整型值）。同时给定大小为m的列表G，该列表是上述链表中整型值的一个子集。请返回列表G中组件的个数，这里对组件的定义为：链表中一段最长连续节点的值（该值必须在列表G中）构成的集合。注：该题中提到的链表必须用链表实现，不得使用STL类，否则不得分。,{linked list}
438,给定一个无向图G，其中包含n个顶点（编号为1-n）和m条边，求图中连通分量的个数。连通分量的定义为：一个无向图的极大连通子图称为该图的连通分量。连通图的极大连通子图只有1个，就是其自身。非连通图可以拆为数个极大，也称连通分量，每个分量显然都是连通图。,{graph}
440,输入一个带权连通图，输出最小生成树,"{kruskal, minimum spanning tree}"
441,给定一棵二叉树，计算树中所有右叶子之和。注：题中给定的二叉树需要自己根据测试案例中的层序遍历序列构建。,{binary tree}
442,"给定一棵二叉树，树中的每个结点的值要么是0，要么是1。移除树中所有不包含1的子树（子树节点全为0）。子树的定义：对于树中的任意一个节点node,以node为根，node的后代构成的二叉树称之为子树。注：题中给定的二叉树需要自己根据测试案例中的层序遍历序列构建。",{binary tree}
443,给定一个无向图G，其中包含n个顶点（编号为1-n）和m条边，求图中连通分量的个数。连通分量的定义为：一个无向图的极大连通子图称为该图的连通分量。连通图的极大连通子图只有1个，就是其自身。非连通图可以拆为数个极大，也称连通分量，每个分量显然都是连通图。,{graph}
444,给定一个长度为n的正整数序列a，其中有一些值是未知的（用0表示），要求将这些未知的数用正整数填上，且最终的正整数序列是非递减序列，并且字典序是最小的。（字典序比较的定义是：对于两个不完全相同的序列a和b，假设存在一个正整数k，使得a[k] < b[k]，并且对于任意i < k，都满足a[i]=b[i]，则字典序a < b）。,"{array, sort}"
445,老师给你出了一道题：初始你手上有一个值为0的数，现在你需要经过n次运算，每次运算有两种选择，你需要选择其中的一种并和你手上的数进行运算，n次运算后输出最大的结果（运算按照从前往后的顺序，不需要考虑优先级）。这自然难不倒会编程的你，所以解决它吧。,{string}
446,"王总忘记了自己保险箱的密码，想找你帮忙破解。根据王老板的提示，密码是从0-9中选取的前n个数字从小到大进行排列组合，得到的第m个数字组合就是密码。例如：n=3, 则进行排列组合的前三个数字就是0，1，2，王总记录提示的m是5。则根据 这三个数字的所有排列组合：012，021，102，120，201，210，王总的保险箱的密码为201。",{recursion}
447,"给定一个长度为n的非负整数数组和一个整数 m，将这个数组分成 m 个非空的连续子数组，每个子数组内所有数据的和被称为该子数组的分数。对于任意一种分割方案，其对应的所有子数组分数的最大值，记为该次分割方案的分数。请问所有分割方案的分数的最小值是多少？解释：假设数组为[7, 2, 5, 10, 8], m=2。给定一种分割方案为[7,2], [5,10,8]。那两个子数组的分数分别为为9和23，该分割方案的分数为23（两个子数组分数的最大值）.",{array}
448,"给定一棵二叉树，树中的每个结点的值要么是0，要么是1。移除树中所有不包含1的子树（子树节点全是0）。子树的定义：对于树中的任意一个节点node,以node为根，node的后代构成的二叉树称之为子树。注：题中给定的二叉树需要自己根据测试案例中的层序遍历序列构建。",{tree}
449,给定一个无向图G，当这个图为二分图时返回true。二分图的定义为：如果我们能将一个图的节点集合分割成两个独立的子集A和B，使得图中的每一条边的两个节点一个来自A集合，一个来自B集合，我们就将这个图称为二分图。G将会以邻接表的方式给出，G[i]表示图中与节点i相连的所有节点。每个节点都是一个在0到G.length-1之间的整数。图中没有自环和平行边：G[i]中不存在i，并且G[i]中没有重复的值。,{graph}
450,给定一个矩阵A，m行n列，返回A的转置矩阵。矩阵的转置是指将矩阵的主对角线翻转，交换矩阵的行索引与列索引。,{matrix}
451,"给定一串字符，使用特定的方法将其压缩成新的字符串，压缩后的长度必须始终小于或等于原数组长度。具体方法为：计算字符连续出现的次数，若次数为1保持不变;若次数>1,则进行压缩。",{string}
452,输入一串由小到大排列的int类型的数字以-1结束输入，将读取的数组构造成一个链表，删除所有重复的元素，使得每个元素只出现一次，最后输出新的链表。,"{pointer, linked list}"
453,"本题要求实现一个在给定数组中找出由三个数组成的最大乘积的简单函数。函数接口定义：int canThreePartsEqualSum ( int *A, int n); 其中A 为给出的整型数组，n为数组长度请实现函数接口，并在主函数中调用它。","{sort, array}"
455,给你一个数组A，只有可以将其划分为三个和相等的非空部分时才返回true，否则返回false。,{array}
456,输入两个时刻（24小时制），要求定义一个时间结构体类型（时和分），并计算两个时刻之间的时间差,{struct}
457,大数通常指超过int或long表示范围的整数数值，通常以字符串数组的形式保存，此题给出1个大数和1个小数，要求计算两数之积并输出。,{big integer}
458,给定一个矩阵A，求矩阵 A 每一列的平均值和每一行的最大值，并依次输出。,"{array, loop statement}"
46,小明开了一家糖果店。他别出心裁：把水果糖包成4颗一包和7颗一包的两种。糖果不能拆包卖。小朋友来买糖的时候，他就用这两种包装来组合。当然有些糖果数目是无法组合出来的，比如要买 10 颗糖。你可以用计算机测试一下，在这种包装情况下，最大不能买到的数量是17。大于17的任何数字都可以用4和7组合出来。本题的要求就是在已知两个包装的数量时，求最大不能组合出的数字。,"{number theory, search, mathematics}"
461,C语言考试成绩信息的每条记录包含，考试学号，考试姓名，考试成绩(0~100)。请根据所有考试信息，构造考试记录结构体。同时找出成绩最高的同学（们）的姓名 以及成绩最低同学（们）的学号。,{struct}
462,构造一个链表，在指定位置插入节点(实现链表的插入操作），最后遍历链表，要求从头到尾输出遍历链表信息。,{linked list}
463,用2*1的小矩形横着或者竖着去覆盖更大的矩形。请问用n个2*1的小矩形无重叠地覆盖一个2*n的大矩形，总共有多少种方法？要求用递归的方法解决此问题。,{recursion}
464,登入网站是一般需要输入密码。现在写一个自动检查用户密码的程序。具体要求如下：密码不少于6个字符组成，且不能超过30个字符。密码只能有英文字母、数字和小数点 `.`，还必须既有字母也有数字。- 如果密码合法，输出 yes- 如果密法太长，不论合法与否，都输出 too long- 如果密码太短，不论合法与否，都输出 too short- 如果密码长度合法，但存在不合法字符，则输出 illegal char- 如果密码长度合法，但只有字母没有数字，则输出 need num- 如果密码长度合法，但只有数字没有字母，则输出 need char每次只输出一种提醒，提醒种类优先级由上到下依次递减。,{branch}
465,实现分数减法。分数分为，整数部分和纯分数部分。,"{struct, branch}"
47,"栋栋正在和同学们玩一个数字游戏。游戏的规则是这样的：栋栋和同学们一共n个人围坐在一圈。栋栋首先说出数字1。接下来，坐在栋栋左手边的同学要说下一个数字2。再下面的一个同学要从上一个同学说的数字往下数两个数说出来，也就是说4。下一个同学要往下数三个数，说7。依次类推。为了使数字不至于太大，栋栋和同学们约定，当在心中数到 k-1 时，下一个数字从0开始数。例如，当k=13时，栋栋和同学们报出的前几个数依次为：1, 2, 4, 7, 11, 3, 9, 3, 11, 7。游戏进行了一会儿，栋栋想知道，到目前为止，他所有说出的数字的总和是多少。","{mathematics, simulation, loop statement}"
473,"给定两个大于0的整数，m和n，求m和n之间的所有非素数之和（范围包括m,n）",{loop statement}
474,"输入一行字符串（少于100个字符），包含空格和特殊符号等。 统计并输出其中大写辅音字母的个数。大写辅音字母是指除'A' , 'E' , 'I' , ' O ' ,  ' U '以外的大写字母。试编写相应程序。","{array, string, if statement, loop statement}"
475,输入一个字符串（少于 80 个字符），包含空格和特殊符号等。将其中的大写字母用下面列出的对应大写字母替换， 其余字符不变， 输出替 换后的字符串。试编写相应程序。原字母对应字母A ——> ZB ——> YC ——> XD ——> W...X ——> CY ——> BZ ——> A,"{array, string, loop statement}"
476,"输入一个以字符 """" #"""" 结束的字符串， 滤去所有的非十六进 制字符 （不分大小写）， 组成一个 新的表示十六进 制数字的 字符 串， 然后 将其转换为十进制 数后输出 。如果过滤后字符串的首字符为 ＂-＂， 代表该 数是负数。试编写相应程序。","{array, string, if statement, loop statement}"
48,X 国的一个网络使用若干条线路连接若干个节点。节点间的通信是双向的。某重要数据包，为了安全起见，必须恰好被转发两次到达目的地。该包可能在任意一个节点产生，我们需要知道该网络中一共有多少种不同的转发路径。源地址和目标地址可以相同，但中间节点必须不同。如下图所示的网络。1 -> 2 -> 3 -> 1 是允许的1 -> 2 -> 1 -> 2 或者 1 -> 2 -> 3 -> 2 都是非法的。,"{search, graph}"
49,"抗日战争时期，冀中平原的地道战曾发挥重要作用。地道的多个站点间有通道连接，形成了庞大的网络。但也有隐患，当敌人发现了某个站点后，其它站点间可能因此会失去联系。我们来定义一个危险系数DF(x,y)：对于两个站点x和y (x != y), 如果能找到一个站点z，当z被敌人破坏后，x和y不连通，那么我们称z为关于x,y的关键点。相应的，对于任意一对站点x和y，危险系数DF(x,y)就表示为这两点之间的关键点个数。本题的任务是：已知网络结构，求两站点之间的危险系数。","{search, graph}"
51,"幸运数是波兰数学家乌拉姆命名的。它采用与生成素数类似的“筛法”生成。首先从1开始写出自然数1,2,3,4,5,6,....1 就是第一个幸运数。我们从2这个数开始。把所有序号能被2整除的项删除，变为：1 _ 3 _ 5 _ 7 _ 9 ....把它们缩紧，重新记序，为：1 3 5 7 9 .... 。这时，3为第2个幸运数，然后把所有能被3整除的序号位置的数删去。注意，是序号位置，不是那个数本身能否被3整除!! 删除的应该是5，11, 17, ...此时7为第3个幸运数，然后再删去序号位置能被7整除的(19,39,...)最后剩下的序列类似：1, 3, 7, 9, 13, 15, 21, 25, 31, 33, 37, 43, 49, 51, 63, 67, 69, 73, 75, 79, ...","{mathematics, simulation, loop statement}"
52,C村住着n户村民，由于交通闭塞，C村的村民只能通过信件与外界交流。为了方便村民们发信，C村打算在C村建设k个邮局，这样每户村民可以去离自己家最近的邮局发信。现在给出了m个备选的邮局，请从中选出k个来，使得村民到自己家最近的邮局的距离和最小。其中两点之间的距离定义为两点之间的直线距离。,"{search, depth-first search}"
53,"闲暇时，福尔摩斯和华生玩一个游戏：在N张卡片上写有N个整数。两人轮流拿走一张卡片。要求下一个人拿的数字一定是前一个人拿的数字的约数或倍数。例如，某次福尔摩斯拿走的卡片上写着数字“6”，则接下来华生可以拿的数字包括：1，2，3, 6，12，18，24 ....当轮到某一方拿卡片时，没有满足要求的卡片可选，则该方为输方。请你利用计算机的优势计算一下，在已知所有卡片上的数字和可选哪些数字的条件下，怎样选择才能保证必胜！当选多个数字都可以必胜时，输出其中最小的数字。如果无论如何都会输，则输出-1。","{search, game, depth-first search}"
54,给定一个n*m的矩阵A，求A中的一个非空子矩阵，使这个子矩阵中的元素和最大。其中，A的子矩阵指在A中行和列均连续的一块。,"{matrix, dynamic programming, loop statement}"
548,高中作文打分（满分为60分），为了避免作文打分的主观因素的影响，一般会请n个老师进行打分，从中去掉最高分和最低分，对保留的求和并平均。现在给定n个老师打分的情况，你需要求出最高分和最低分，并分别存到指针变量p和q中（int类型指针）；对剩下的分数求和平均保存到指针变量r（double类型指针）中。最后以间接访问的形式输出最高分，最低分和平均分,{pointer}
549,给出n个元素，必须使用递归的方法求出元素中的最大值,"{array, recursion}"
554,登入网站是一般需要输入密码。现在写一个自动检查用户密码的程序。具体要求如下：密码不少于6个字符组成，且不能超过30个字符。密码只能有英文字母、数字和小数点 `.`，还必须既有字母也有数字。- 如果密码合法，输出 yes- 如果密法太长，不论合法与否，都输出 too long- 如果密码太短，不论合法与否，都输出 too short- 如果密码长度合法，但存在不合法字符，则输出 illegal char- 如果密码长度合法，但只有字母没有数字，则输出 need num- 如果密码长度合法，但只有数字没有字母，则输出 need char每次只输出一种提醒，提醒种类优先级由上到下依次递减。,{branch}
555,给定N 位（0<= N <= 100) 数字 num。可以将数字num看成是一个长度位N的字符串，从左至右观察数字num，查找到第一个长度为L（1<= L <= 5) 的连续“子串”，且该“子串” 为素数。输出这个素数。（关键词：第一个、长度为L（即L位数）、素数）,"{string, loop statement}"
572,用队列实现下面功能，给定一个数组 nums 和滑动窗口的大小 k，请找出所有滑动窗口里的最大值。,{queue}
574,给定整数序列a1，a2，.....，an，判断是否可以从中选出若干数，使他们的和恰好为k。,{depth-first search}
578,使用高位基数排序对单词按照字典序排序。,{sort}
579,对下列数字按照大小进行归并排序,{sort}
581,"有一个正整数数组，数组长度为n且小于等于10(数组下标从0开始)。现给一个正整数K，请在数组中所有元素中找一个子集，子集中元素之和为K。输出所有子集中，数组下标最大的元素的值。比如 数组为[5,4,2,3,10]，K=9，则可能子集为[5,4], [4,2, 3]由于[4,2,3]中3的下标更大（为3，[5,4]中4的下标为1），因此输出3。如果不存在这样的子集，输出-1。注意数组下标从0开始。",{search}
585,"我们有一个由平面上的点组成的列表points。需要从中找出第K个距离原点(0, 0)最近的点。假设答案唯一。规定不准用STL。 用STL实现排序功能一律不得分。",{sort}
586,将两个升序链表合并为一个新的升序链表并返回。新链表是通过拼接给定的两个链表的所有节点组成的。规定不准用STL，必须用链表实现功能。用STL实现链表功能一律不得分。,{linked list}
587,"1. 给出后序遍历序列,构建二叉树。上述二叉树实际是一颗二叉排序树，请实现程序2. 查找c节点，输出从树根到c节点的路径。3. 删除其中的m节点，使得删除后仍为二叉排序树。",{binary tree}
589,"有一堆二维坐标点<x1,y1>, <x2, y2>…..<xn, yn>。假定坐标点是一个一个来的，请利用堆，能时刻报告数据中的最小的k项。比如k=1,  有4个坐标数据 <2,2>, <1,1>, <3,3>, <0,0> 依次到来。那么当来第一个<2,2>时， top-1的值是<2,2>, 再来一个数据<1,1>,这时top-1的值变为了 <1,1>, 再来一个<3,3>数据，top-1还是<1,1>, 第四个数据<0,0>到了后，top-1 就变为了 <0,0>。",{top-k}
591,存在一个无向图 ，图中有n 个节点。其中每个节点都有一个介于0到n - 1之间的唯一编号。给你一个二维数组graph，其中graph[u]是一个节点数组，由节点u的邻接节点组成。形式上，对于graph[u]中的每个v，都存在一条位于节点u和节点v之间的无向边。该无向图同时具有以下属性：n不存在自环（graph[u]不包含u）。n不存在平行边（graph[u]不包含重复值）。n如果v在graph[u]内，那么u也应该在graph[v]内（该图是无向图）。n这个图可能不是连通图，也就是说两个节点u和v之间可能不存在一条连通彼此的路径。写程序判断该图是否为二分图。定义：如果能将一个图的节点集合分割成两个独立的子集A和B，并使图中的每一条边的两个节点一个来自A集合，一个来自B集合，就将这个图称为二分图 。提示，可以用两种颜色通过遍历对该图进行染色。 二分图的话相邻节点颜色一定不相同。,{binary graph}
592,有一群人，打乒乓球比赛，两两捉对撕杀，每两个人之间最多打一场比赛。球赛的规则如下：如果A打败了B，B又打败了C，而A与C之间没有进行过比赛，那么就认定，A一定能打败C。如果A打败了B，B又打败了C，而且，C又打败了A，那么A、B、C三者都不可能成为冠军。根据这个规则，无需循环较量，或许就能确定冠军。你的任务就是面对一群比赛选手，在经过了若干场撕杀之后，确定是否已经实际上产生了冠军(冠军要求能够击败所有人)。,{graph}
593,用邻接表存储图，利用该邻接表使用Kruskal算法生成最小生成树,{graph}
599,输入一个正整数n，求e=1!+2!+3!+......+n!，要求定义调用函数fact(n)计算n!，函数类型是double。试编写相应的程序。,{loop statement}
601,输入两个整数 a 和 b，顺序输出加、减和乘法运算的结果。,{operator}
603,输入的三角形的三条边a、b、c 的长度，计算并依次输出三角形的周长和面积，结果严格保留2位小数。测试用例的数据保证三角形三边数据可以构成三角形。三角形面积计算公式：$area=\sqrt{s(s-a)(s-b)(s-c)}$，其中$s=\frac{a+b+c}{2}$。,"{operator, library function}"
7,FJ在沙盘上写了这样一些字符串：　　A1 = “A”　　A2 = “ABA”　　A3 = “ABACABA”　　A4 = “ABACABADABACABA”　　… …　　你能找出其中的规律并写所有的数列AN吗？,"{string, iteration}"
76,输入四个数，实现降序排序,"{sort, loop statement}"
9,最近FJ为他的奶牛们开设了数学分析课，FJ知道若要学好这门课，必须有一个好的三角函数基本功。所以他准备和奶牛们做一个“Sine之舞”的游戏，寓教于乐，提高奶牛们的计算能力。不妨设An=sin(1–sin(2+sin(3–sin(4+...sin(n))...)Sn=(...(A1+n)A2+n-1)A3+...+2)An+1FJ想让奶牛们计算Sn的值，请你帮助FJ打印出Sn的完整表达式，以方便奶牛们做题。,"{recursion, mathematics}"
